source_subreddit_norm,n,fp,fn,error_rate,fp_rate,fn_rate,kind
sr_11503,7,5,0,0.7142857142857143,0.7142857142857143,0.0,fp
sr_40921,7,5,0,0.7142857142857143,0.7142857142857143,0.0,fp
sr_19099,5,3,0,0.6,0.6,0.0,fp
sr_24097,5,3,1,0.8,0.6,0.2,fp
sr_45370,12,7,4,0.9166666666666666,0.5833333333333334,0.3333333333333333,fp
sr_42999,18,10,1,0.6111111111111112,0.5555555555555556,0.05555555555555555,fp
sr_18754,6,3,0,0.5,0.5,0.0,fp
sr_20427,6,3,0,0.5,0.5,0.0,fp
sr_43534,6,3,0,0.5,0.5,0.0,fp
sr_30988,20,9,5,0.7,0.45,0.25,fp
sr_22436,9,4,0,0.4444444444444444,0.4444444444444444,0.0,fp
sr_27648,7,3,2,0.7142857142857143,0.42857142857142855,0.2857142857142857,fp
sr_32481,7,3,3,0.8571428571428571,0.42857142857142855,0.42857142857142855,fp
sr_3997,7,3,2,0.7142857142857143,0.42857142857142855,0.2857142857142857,fp
sr_8023,7,3,3,0.8571428571428571,0.42857142857142855,0.42857142857142855,fp
sr_55624,184,77,8,0.46195652173913043,0.41847826086956524,0.043478260869565216,fp
sr_7923,20,8,3,0.55,0.4,0.15,fp
sr_44358,10,4,0,0.4,0.4,0.0,fp
sr_22226,5,2,0,0.4,0.4,0.0,fp
sr_26273,5,2,0,0.4,0.4,0.0,fp
sr_60805,54,0,54,1.0,0.0,1.0,fn
sr_10928,44,0,44,1.0,0.0,1.0,fn
sr_1064,26,0,26,1.0,0.0,1.0,fn
sr_60517,26,0,26,1.0,0.0,1.0,fn
sr_14193,23,0,23,1.0,0.0,1.0,fn
sr_3784,21,0,21,1.0,0.0,1.0,fn
sr_9781,21,0,21,1.0,0.0,1.0,fn
sr_24459,20,0,20,1.0,0.0,1.0,fn
sr_36635,17,0,17,1.0,0.0,1.0,fn
sr_28648,16,0,16,1.0,0.0,1.0,fn
sr_4344,16,0,16,1.0,0.0,1.0,fn
sr_6015,15,0,15,1.0,0.0,1.0,fn
sr_657,15,0,15,1.0,0.0,1.0,fn
sr_62058,14,0,14,1.0,0.0,1.0,fn
sr_12365,13,0,13,1.0,0.0,1.0,fn
sr_36993,13,0,13,1.0,0.0,1.0,fn
sr_46933,13,0,13,1.0,0.0,1.0,fn
sr_14199,12,0,12,1.0,0.0,1.0,fn
sr_21731,12,0,12,1.0,0.0,1.0,fn
sr_3586,12,0,12,1.0,0.0,1.0,fn
