source_subreddit_norm,n,fp,fn,error_rate,fp_rate,fn_rate,kind
sr_24097,5,3,0,0.6,0.6,0.0,fp
sr_43534,6,3,0,0.5,0.5,0.0,fp
sr_42873,19,9,1,0.5263157894736842,0.47368421052631576,0.05263157894736842,fp
sr_32481,7,3,1,0.5714285714285714,0.42857142857142855,0.14285714285714285,fp
sr_3997,7,3,1,0.5714285714285714,0.42857142857142855,0.14285714285714285,fp
sr_51748,7,3,0,0.42857142857142855,0.42857142857142855,0.0,fp
sr_14581,5,2,1,0.6,0.4,0.2,fp
sr_19099,5,2,0,0.4,0.4,0.0,fp
sr_22226,5,2,0,0.4,0.4,0.0,fp
sr_46683,5,2,1,0.6,0.4,0.2,fp
sr_48000,5,2,0,0.4,0.4,0.0,fp
sr_48396,5,2,0,0.4,0.4,0.0,fp
sr_5863,5,2,0,0.4,0.4,0.0,fp
sr_50843,26,10,5,0.5769230769230769,0.38461538461538464,0.19230769230769232,fp
sr_49131,11,4,0,0.36363636363636365,0.36363636363636365,0.0,fp
sr_22436,9,3,0,0.3333333333333333,0.3333333333333333,0.0,fp
sr_25638,6,2,0,0.3333333333333333,0.3333333333333333,0.0,fp
sr_30759,6,2,0,0.3333333333333333,0.3333333333333333,0.0,fp
sr_32185,6,2,0,0.3333333333333333,0.3333333333333333,0.0,fp
sr_35569,6,2,0,0.3333333333333333,0.3333333333333333,0.0,fp
sr_46991,38,0,38,1.0,0.0,1.0,fn
sr_27634,19,0,19,1.0,0.0,1.0,fn
sr_34186,11,0,11,1.0,0.0,1.0,fn
sr_18680,10,0,10,1.0,0.0,1.0,fn
sr_1879,10,0,10,1.0,0.0,1.0,fn
sr_40063,10,0,10,1.0,0.0,1.0,fn
sr_45046,9,0,9,1.0,0.0,1.0,fn
sr_28530,8,0,8,1.0,0.0,1.0,fn
sr_58298,7,0,7,1.0,0.0,1.0,fn
sr_16773,6,0,6,1.0,0.0,1.0,fn
sr_30226,6,0,6,1.0,0.0,1.0,fn
sr_58294,6,0,6,1.0,0.0,1.0,fn
sr_18426,5,0,5,1.0,0.0,1.0,fn
sr_23710,5,0,5,1.0,0.0,1.0,fn
sr_66024,5,0,5,1.0,0.0,1.0,fn
sr_48988,50,0,49,0.98,0.0,0.98,fn
sr_26061,43,0,37,0.8604651162790697,0.0,0.8604651162790697,fn
sr_25124,7,0,6,0.8571428571428571,0.0,0.8571428571428571,fn
sr_3299,13,0,11,0.8461538461538461,0.0,0.8461538461538461,fn
sr_39441,13,0,11,0.8461538461538461,0.0,0.8461538461538461,fn
