source_subreddit_norm,n,fp,fn,error_rate,fp_rate,fn_rate,kind
sr_12426,5,5,0,1.0,1.0,0.0,fp
sr_51748,7,6,0,0.8571428571428571,0.8571428571428571,0.0,fp
sr_45370,12,8,0,0.6666666666666666,0.6666666666666666,0.0,fp
sr_19099,5,3,0,0.6,0.6,0.0,fp
sr_24097,5,3,0,0.6,0.6,0.0,fp
sr_43534,6,3,0,0.5,0.5,0.0,fp
sr_42873,19,9,0,0.47368421052631576,0.47368421052631576,0.0,fp
sr_55624,184,83,0,0.45108695652173914,0.45108695652173914,0.0,fp
sr_41488,18,8,0,0.4444444444444444,0.4444444444444444,0.0,fp
sr_22436,9,4,0,0.4444444444444444,0.4444444444444444,0.0,fp
sr_62577,21,9,0,0.42857142857142855,0.42857142857142855,0.0,fp
sr_27648,7,3,0,0.42857142857142855,0.42857142857142855,0.0,fp
sr_32481,7,3,0,0.42857142857142855,0.42857142857142855,0.0,fp
sr_3997,7,3,1,0.5714285714285714,0.42857142857142855,0.14285714285714285,fp
sr_8023,7,3,0,0.42857142857142855,0.42857142857142855,0.0,fp
sr_22759,19,8,1,0.47368421052631576,0.42105263157894735,0.05263157894736842,fp
sr_14581,5,2,0,0.4,0.4,0.0,fp
sr_22226,5,2,0,0.4,0.4,0.0,fp
sr_25425,5,2,0,0.4,0.4,0.0,fp
sr_32237,5,2,0,0.4,0.4,0.0,fp
sr_25733,23,0,18,0.782608695652174,0.0,0.782608695652174,fn
sr_22164,77,0,58,0.7532467532467533,0.0,0.7532467532467533,fn
sr_30310,12,0,9,0.75,0.0,0.75,fn
sr_45829,33,0,24,0.7272727272727273,0.0,0.7272727272727273,fn
sr_34662,6,1,4,0.8333333333333334,0.16666666666666666,0.6666666666666666,fn
sr_65008,6,0,4,0.6666666666666666,0.0,0.6666666666666666,fn
sr_5032,17,0,11,0.6470588235294118,0.0,0.6470588235294118,fn
sr_33060,8,0,5,0.625,0.0,0.625,fn
sr_64706,8,2,5,0.875,0.25,0.625,fn
sr_58917,10,0,6,0.6,0.0,0.6,fn
sr_24869,5,1,3,0.8,0.2,0.6,fn
sr_53123,5,0,3,0.6,0.0,0.6,fn
sr_64921,5,1,3,0.8,0.2,0.6,fn
sr_9253,5,0,3,0.6,0.0,0.6,fn
sr_37357,7,1,4,0.7142857142857143,0.14285714285714285,0.5714285714285714,fn
sr_53834,9,0,5,0.5555555555555556,0.0,0.5555555555555556,fn
sr_28700,26,0,13,0.5,0.0,0.5,fn
sr_40215,20,0,10,0.5,0.0,0.5,fn
sr_7193,18,0,9,0.5,0.0,0.5,fn
sr_19995,16,0,8,0.5,0.0,0.5,fn
