source_subreddit_norm,n,fp,fn,error_rate,fp_rate,fn_rate,kind
sr_11503,7,5,0,0.7142857142857143,0.7142857142857143,0.0,fp
sr_28175,5,3,0,0.6,0.6,0.0,fp
sr_29282,5,3,0,0.6,0.6,0.0,fp
sr_30541,5,3,0,0.6,0.6,0.0,fp
sr_40921,7,4,0,0.5714285714285714,0.5714285714285714,0.0,fp
sr_43534,6,3,1,0.6666666666666666,0.5,0.16666666666666666,fp
sr_6908,6,3,0,0.5,0.5,0.0,fp
sr_55624,184,83,0,0.45108695652173914,0.45108695652173914,0.0,fp
sr_22436,9,4,0,0.4444444444444444,0.4444444444444444,0.0,fp
sr_4903,14,6,2,0.5714285714285714,0.42857142857142855,0.14285714285714285,fp
sr_27648,7,3,3,0.8571428571428571,0.42857142857142855,0.42857142857142855,fp
sr_8023,7,3,0,0.42857142857142855,0.42857142857142855,0.0,fp
sr_12426,5,2,0,0.4,0.4,0.0,fp
sr_15438,5,2,1,0.6,0.4,0.2,fp
sr_22226,5,2,2,0.8,0.4,0.4,fp
sr_26273,5,2,0,0.4,0.4,0.0,fp
sr_38452,5,2,0,0.4,0.4,0.0,fp
sr_48000,5,2,0,0.4,0.4,0.0,fp
sr_49882,5,2,0,0.4,0.4,0.0,fp
sr_51902,5,2,0,0.4,0.4,0.0,fp
sr_20622,54,0,54,1.0,0.0,1.0,fn
sr_12631,39,0,39,1.0,0.0,1.0,fn
sr_1078,28,0,28,1.0,0.0,1.0,fn
sr_1064,26,0,26,1.0,0.0,1.0,fn
sr_60517,26,0,26,1.0,0.0,1.0,fn
sr_3901,21,0,21,1.0,0.0,1.0,fn
sr_30461,17,0,17,1.0,0.0,1.0,fn
sr_6015,15,0,15,1.0,0.0,1.0,fn
sr_24929,14,0,14,1.0,0.0,1.0,fn
sr_5650,13,0,13,1.0,0.0,1.0,fn
sr_24877,11,0,11,1.0,0.0,1.0,fn
sr_32980,10,0,10,1.0,0.0,1.0,fn
sr_20112,9,0,9,1.0,0.0,1.0,fn
sr_22794,9,0,9,1.0,0.0,1.0,fn
sr_30595,9,0,9,1.0,0.0,1.0,fn
sr_49155,8,0,8,1.0,0.0,1.0,fn
sr_51353,8,0,8,1.0,0.0,1.0,fn
sr_57020,8,0,8,1.0,0.0,1.0,fn
sr_942,8,0,8,1.0,0.0,1.0,fn
sr_22428,7,0,7,1.0,0.0,1.0,fn
