source_subreddit_norm,n,fp,fn,error_rate,fp_rate,fn_rate,kind
sr_40921,7,6,0,0.8571428571428571,0.8571428571428571,0.0,fp
sr_51748,7,6,0,0.8571428571428571,0.8571428571428571,0.0,fp
sr_12426,5,4,0,0.8,0.8,0.0,fp
sr_11503,7,5,0,0.7142857142857143,0.7142857142857143,0.0,fp
sr_50843,26,17,0,0.6538461538461539,0.6538461538461539,0.0,fp
sr_19099,5,3,0,0.6,0.6,0.0,fp
sr_24097,5,3,0,0.6,0.6,0.0,fp
sr_28175,5,3,0,0.6,0.6,0.0,fp
sr_29282,5,3,0,0.6,0.6,0.0,fp
sr_30541,5,3,2,1.0,0.6,0.4,fp
sr_4134,12,7,0,0.5833333333333334,0.5833333333333334,0.0,fp
sr_42873,19,10,0,0.5263157894736842,0.5263157894736842,0.0,fp
sr_18992,6,3,0,0.5,0.5,0.0,fp
sr_20427,6,3,0,0.5,0.5,0.0,fp
sr_43534,6,3,0,0.5,0.5,0.0,fp
sr_6908,6,3,0,0.5,0.5,0.0,fp
sr_21659,17,8,0,0.47058823529411764,0.47058823529411764,0.0,fp
sr_37919,24,11,0,0.4583333333333333,0.4583333333333333,0.0,fp
sr_61141,22,10,2,0.5454545454545454,0.45454545454545453,0.09090909090909091,fp
sr_57462,11,5,0,0.45454545454545453,0.45454545454545453,0.0,fp
sr_54673,59,0,59,1.0,0.0,1.0,fn
sr_20622,54,0,54,1.0,0.0,1.0,fn
sr_9014,34,0,34,1.0,0.0,1.0,fn
sr_36207,29,0,29,1.0,0.0,1.0,fn
sr_1064,26,0,26,1.0,0.0,1.0,fn
sr_18826,24,0,24,1.0,0.0,1.0,fn
sr_8100,22,0,22,1.0,0.0,1.0,fn
sr_43150,21,0,21,1.0,0.0,1.0,fn
sr_40215,20,0,20,1.0,0.0,1.0,fn
sr_35808,18,0,18,1.0,0.0,1.0,fn
sr_54543,18,0,18,1.0,0.0,1.0,fn
sr_14734,17,0,17,1.0,0.0,1.0,fn
sr_28971,17,0,17,1.0,0.0,1.0,fn
sr_9683,17,0,17,1.0,0.0,1.0,fn
sr_25074,16,0,16,1.0,0.0,1.0,fn
sr_28340,16,0,16,1.0,0.0,1.0,fn
sr_28648,16,0,16,1.0,0.0,1.0,fn
sr_36130,15,0,15,1.0,0.0,1.0,fn
sr_46174,15,0,15,1.0,0.0,1.0,fn
sr_52866,15,0,15,1.0,0.0,1.0,fn
