source_subreddit_norm,n,fp,fn,error_rate,fp_rate,fn_rate,kind
sr_12426,5,5,0,1.0,1.0,0.0,fp
sr_51748,7,6,0,0.8571428571428571,0.8571428571428571,0.0,fp
sr_19099,5,3,2,1.0,0.6,0.4,fp
sr_55624,184,83,0,0.45108695652173914,0.45108695652173914,0.0,fp
sr_22171,7,3,4,1.0,0.42857142857142855,0.5714285714285714,fp
sr_27648,7,3,2,0.7142857142857143,0.42857142857142855,0.2857142857142857,fp
sr_8023,7,3,2,0.7142857142857143,0.42857142857142855,0.2857142857142857,fp
sr_38452,5,2,1,0.6,0.4,0.2,fp
sr_48000,5,2,1,0.6,0.4,0.2,fp
sr_5863,5,2,3,1.0,0.4,0.6,fp
sr_32697,8,3,0,0.375,0.375,0.0,fp
sr_50843,26,9,5,0.5384615384615384,0.34615384615384615,0.19230769230769232,fp
sr_62577,21,7,7,0.6666666666666666,0.3333333333333333,0.3333333333333333,fp
sr_40959,12,4,0,0.3333333333333333,0.3333333333333333,0.0,fp
sr_20211,6,2,2,0.6666666666666666,0.3333333333333333,0.3333333333333333,fp
sr_43534,6,2,1,0.5,0.3333333333333333,0.16666666666666666,fp
sr_5046,6,2,4,1.0,0.3333333333333333,0.6666666666666666,fp
sr_62416,6,2,3,0.8333333333333334,0.3333333333333333,0.5,fp
sr_938,10,3,4,0.7,0.3,0.4,fp
sr_10192,48,14,5,0.3958333333333333,0.2916666666666667,0.10416666666666667,fp
sr_5912,98,0,98,1.0,0.0,1.0,fn
sr_8209,74,0,74,1.0,0.0,1.0,fn
sr_20622,54,0,54,1.0,0.0,1.0,fn
sr_35115,49,0,49,1.0,0.0,1.0,fn
sr_39466,46,0,46,1.0,0.0,1.0,fn
sr_46991,38,0,38,1.0,0.0,1.0,fn
sr_24672,35,0,35,1.0,0.0,1.0,fn
sr_36118,29,0,29,1.0,0.0,1.0,fn
sr_36207,29,0,29,1.0,0.0,1.0,fn
sr_64643,29,0,29,1.0,0.0,1.0,fn
sr_234,27,0,27,1.0,0.0,1.0,fn
sr_42225,25,0,25,1.0,0.0,1.0,fn
sr_43388,25,0,25,1.0,0.0,1.0,fn
sr_13605,24,0,24,1.0,0.0,1.0,fn
sr_40878,24,0,24,1.0,0.0,1.0,fn
sr_59139,24,0,24,1.0,0.0,1.0,fn
sr_11485,23,0,23,1.0,0.0,1.0,fn
sr_45192,23,0,23,1.0,0.0,1.0,fn
sr_62149,23,0,23,1.0,0.0,1.0,fn
sr_39721,22,0,22,1.0,0.0,1.0,fn
