source_subreddit_norm,n,fp,fn,error_rate,fp_rate,fn_rate,kind
sr_40921,7,6,0,0.8571428571428571,0.8571428571428571,0.0,fp
sr_11503,7,5,0,0.7142857142857143,0.7142857142857143,0.0,fp
sr_45370,12,8,3,0.9166666666666666,0.6666666666666666,0.25,fp
sr_50843,26,17,0,0.6538461538461539,0.6538461538461539,0.0,fp
sr_24097,5,3,0,0.6,0.6,0.0,fp
sr_28175,5,3,0,0.6,0.6,0.0,fp
sr_29282,5,3,0,0.6,0.6,0.0,fp
sr_30541,5,3,0,0.6,0.6,0.0,fp
sr_4134,12,7,0,0.5833333333333334,0.5833333333333334,0.0,fp
sr_51748,7,4,0,0.5714285714285714,0.5714285714285714,0.0,fp
sr_7923,20,11,0,0.55,0.55,0.0,fp
sr_12525,17,9,0,0.5294117647058824,0.5294117647058824,0.0,fp
sr_42873,19,10,0,0.5263157894736842,0.5263157894736842,0.0,fp
sr_42999,18,9,2,0.6111111111111112,0.5,0.1111111111111111,fp
sr_18754,6,3,0,0.5,0.5,0.0,fp
sr_18992,6,3,0,0.5,0.5,0.0,fp
sr_20427,6,3,0,0.5,0.5,0.0,fp
sr_43534,6,3,1,0.6666666666666666,0.5,0.16666666666666666,fp
sr_6908,6,3,0,0.5,0.5,0.0,fp
sr_37919,24,11,0,0.4583333333333333,0.4583333333333333,0.0,fp
sr_20622,54,0,54,1.0,0.0,1.0,fn
sr_37775,18,0,18,1.0,0.0,1.0,fn
sr_14734,17,0,17,1.0,0.0,1.0,fn
sr_10464,16,0,16,1.0,0.0,1.0,fn
sr_33899,14,0,14,1.0,0.0,1.0,fn
sr_27117,13,0,13,1.0,0.0,1.0,fn
sr_3586,12,0,12,1.0,0.0,1.0,fn
sr_32279,11,0,11,1.0,0.0,1.0,fn
sr_42213,11,0,11,1.0,0.0,1.0,fn
sr_19808,10,0,10,1.0,0.0,1.0,fn
sr_21209,9,0,9,1.0,0.0,1.0,fn
sr_25283,9,0,9,1.0,0.0,1.0,fn
sr_57521,9,0,9,1.0,0.0,1.0,fn
sr_7876,9,0,9,1.0,0.0,1.0,fn
sr_1331,8,0,8,1.0,0.0,1.0,fn
sr_17268,8,0,8,1.0,0.0,1.0,fn
sr_19330,8,0,8,1.0,0.0,1.0,fn
sr_24474,8,0,8,1.0,0.0,1.0,fn
sr_31,8,0,8,1.0,0.0,1.0,fn
sr_39883,8,0,8,1.0,0.0,1.0,fn
