source_subreddit_norm,n,fp,fn,error_rate,fp_rate,fn_rate,kind
sr_40921,7,6,0,0.8571428571428571,0.8571428571428571,0.0,fp
sr_11503,7,5,0,0.7142857142857143,0.7142857142857143,0.0,fp
sr_51748,7,5,1,0.8571428571428571,0.7142857142857143,0.14285714285714285,fp
sr_45370,12,8,3,0.9166666666666666,0.6666666666666666,0.25,fp
sr_50843,26,16,2,0.6923076923076923,0.6153846153846154,0.07692307692307693,fp
sr_19099,5,3,0,0.6,0.6,0.0,fp
sr_24097,5,3,0,0.6,0.6,0.0,fp
sr_28175,5,3,0,0.6,0.6,0.0,fp
sr_29282,5,3,0,0.6,0.6,0.0,fp
sr_30541,5,3,0,0.6,0.6,0.0,fp
sr_4134,12,7,0,0.5833333333333334,0.5833333333333334,0.0,fp
sr_42873,19,10,0,0.5263157894736842,0.5263157894736842,0.0,fp
sr_7923,20,10,3,0.65,0.5,0.15,fp
sr_18754,6,3,0,0.5,0.5,0.0,fp
sr_18992,6,3,0,0.5,0.5,0.0,fp
sr_20427,6,3,0,0.5,0.5,0.0,fp
sr_43534,6,3,2,0.8333333333333334,0.5,0.3333333333333333,fp
sr_6908,6,3,0,0.5,0.5,0.0,fp
sr_12525,17,8,1,0.5294117647058824,0.47058823529411764,0.058823529411764705,fp
sr_37919,24,11,0,0.4583333333333333,0.4583333333333333,0.0,fp
sr_9014,34,0,34,1.0,0.0,1.0,fn
sr_36207,29,0,29,1.0,0.0,1.0,fn
sr_59139,24,0,24,1.0,0.0,1.0,fn
sr_45192,23,0,23,1.0,0.0,1.0,fn
sr_39721,22,0,22,1.0,0.0,1.0,fn
sr_40215,20,0,20,1.0,0.0,1.0,fn
sr_37775,18,0,18,1.0,0.0,1.0,fn
sr_4069,18,0,18,1.0,0.0,1.0,fn
sr_14734,17,0,17,1.0,0.0,1.0,fn
sr_14531,16,0,16,1.0,0.0,1.0,fn
sr_28648,16,0,16,1.0,0.0,1.0,fn
sr_480,16,0,16,1.0,0.0,1.0,fn
sr_16406,15,0,15,1.0,0.0,1.0,fn
sr_2882,15,0,15,1.0,0.0,1.0,fn
sr_40241,15,0,15,1.0,0.0,1.0,fn
sr_46174,15,0,15,1.0,0.0,1.0,fn
sr_22085,14,0,14,1.0,0.0,1.0,fn
sr_33899,14,0,14,1.0,0.0,1.0,fn
sr_62058,14,0,14,1.0,0.0,1.0,fn
sr_7262,14,0,14,1.0,0.0,1.0,fn
