source_subreddit_norm,n,fp,fn,error_rate,fp_rate,fn_rate,kind
sr_45370,12,8,0,0.6666666666666666,0.6666666666666666,0.0,fp
sr_24097,5,3,0,0.6,0.6,0.0,fp
sr_51748,7,4,1,0.7142857142857143,0.5714285714285714,0.14285714285714285,fp
sr_18992,6,3,0,0.5,0.5,0.0,fp
sr_43534,6,3,0,0.5,0.5,0.0,fp
sr_27648,7,3,0,0.42857142857142855,0.42857142857142855,0.0,fp
sr_32481,7,3,0,0.42857142857142855,0.42857142857142855,0.0,fp
sr_8023,7,3,0,0.42857142857142855,0.42857142857142855,0.0,fp
sr_44358,10,4,0,0.4,0.4,0.0,fp
sr_22226,5,2,0,0.4,0.4,0.0,fp
sr_32237,5,2,0,0.4,0.4,0.0,fp
sr_40091,5,2,0,0.4,0.4,0.0,fp
sr_46683,5,2,0,0.4,0.4,0.0,fp
sr_48000,5,2,0,0.4,0.4,0.0,fp
sr_48396,5,2,0,0.4,0.4,0.0,fp
sr_5863,5,2,0,0.4,0.4,0.0,fp
sr_64097,5,2,0,0.4,0.4,0.0,fp
sr_42873,19,7,1,0.42105263157894735,0.3684210526315789,0.05263157894736842,fp
sr_49131,11,4,0,0.36363636363636365,0.36363636363636365,0.0,fp
sr_66496,11,4,1,0.45454545454545453,0.36363636363636365,0.09090909090909091,fp
sr_62148,7,0,7,1.0,0.0,1.0,fn
sr_36211,5,0,5,1.0,0.0,1.0,fn
sr_25733,23,0,21,0.9130434782608695,0.0,0.9130434782608695,fn
sr_3983,9,0,8,0.8888888888888888,0.0,0.8888888888888888,fn
sr_24116,16,0,14,0.875,0.0,0.875,fn
sr_5166,42,0,36,0.8571428571428571,0.0,0.8571428571428571,fn
sr_63251,13,0,11,0.8461538461538461,0.0,0.8461538461538461,fn
sr_14308,6,0,5,0.8333333333333334,0.0,0.8333333333333334,fn
sr_14889,6,0,5,0.8333333333333334,0.0,0.8333333333333334,fn
sr_34662,6,1,5,1.0,0.16666666666666666,0.8333333333333334,fn
sr_52127,6,1,5,1.0,0.16666666666666666,0.8333333333333334,fn
sr_47630,10,0,8,0.8,0.0,0.8,fn
sr_23117,5,0,4,0.8,0.0,0.8,fn
sr_36506,5,0,4,0.8,0.0,0.8,fn
sr_4165,5,0,4,0.8,0.0,0.8,fn
sr_44808,5,0,4,0.8,0.0,0.8,fn
sr_48084,5,0,4,0.8,0.0,0.8,fn
sr_61603,5,0,4,0.8,0.0,0.8,fn
sr_22164,77,0,60,0.7792207792207793,0.0,0.7792207792207793,fn
sr_12241,36,1,28,0.8055555555555556,0.027777777777777776,0.7777777777777778,fn
