source_subreddit_norm,n,fp,fn,error_rate,fp_rate,fn_rate,kind
sr_51748,7,6,0,0.8571428571428571,0.8571428571428571,0.0,fp
sr_11503,7,5,0,0.7142857142857143,0.7142857142857143,0.0,fp
sr_40921,7,5,0,0.7142857142857143,0.7142857142857143,0.0,fp
sr_45370,12,8,3,0.9166666666666666,0.6666666666666666,0.25,fp
sr_19099,5,3,0,0.6,0.6,0.0,fp
sr_24097,5,3,0,0.6,0.6,0.0,fp
sr_28175,5,3,0,0.6,0.6,0.0,fp
sr_30541,5,3,0,0.6,0.6,0.0,fp
sr_7923,20,11,1,0.6,0.55,0.05,fp
sr_50843,26,14,1,0.5769230769230769,0.5384615384615384,0.038461538461538464,fp
sr_18754,6,3,0,0.5,0.5,0.0,fp
sr_20427,6,3,0,0.5,0.5,0.0,fp
sr_43534,6,3,0,0.5,0.5,0.0,fp
sr_6908,6,3,0,0.5,0.5,0.0,fp
sr_12525,17,8,1,0.5294117647058824,0.47058823529411764,0.058823529411764705,fp
sr_57462,11,5,0,0.45454545454545453,0.45454545454545453,0.0,fp
sr_55624,184,83,0,0.45108695652173914,0.45108695652173914,0.0,fp
sr_22436,9,4,0,0.4444444444444444,0.4444444444444444,0.0,fp
sr_41359,21,9,1,0.47619047619047616,0.42857142857142855,0.047619047619047616,fp
sr_22171,7,3,1,0.5714285714285714,0.42857142857142855,0.14285714285714285,fp
sr_54598,33,0,33,1.0,0.0,1.0,fn
sr_36207,29,0,29,1.0,0.0,1.0,fn
sr_59139,24,0,24,1.0,0.0,1.0,fn
sr_40215,20,0,20,1.0,0.0,1.0,fn
sr_28648,16,0,16,1.0,0.0,1.0,fn
sr_4344,16,0,16,1.0,0.0,1.0,fn
sr_33899,14,0,14,1.0,0.0,1.0,fn
sr_7639,14,0,14,1.0,0.0,1.0,fn
sr_27117,13,0,13,1.0,0.0,1.0,fn
sr_33902,13,0,13,1.0,0.0,1.0,fn
sr_25662,12,0,12,1.0,0.0,1.0,fn
sr_35636,12,0,12,1.0,0.0,1.0,fn
sr_3586,12,0,12,1.0,0.0,1.0,fn
sr_39957,12,0,12,1.0,0.0,1.0,fn
sr_63834,12,0,12,1.0,0.0,1.0,fn
sr_11474,11,0,11,1.0,0.0,1.0,fn
sr_22724,11,0,11,1.0,0.0,1.0,fn
sr_1651,10,0,10,1.0,0.0,1.0,fn
sr_33446,10,0,10,1.0,0.0,1.0,fn
sr_53391,10,0,10,1.0,0.0,1.0,fn
