source_subreddit_norm,n,fp,fn,error_rate,fp_rate,fn_rate,kind
sr_51748,7,6,0,0.8571428571428571,0.8571428571428571,0.0,fp
sr_29282,5,3,1,0.8,0.6,0.2,fp
sr_30541,5,3,0,0.6,0.6,0.0,fp
sr_4134,12,7,0,0.5833333333333334,0.5833333333333334,0.0,fp
sr_40921,7,4,0,0.5714285714285714,0.5714285714285714,0.0,fp
sr_12525,17,9,1,0.5882352941176471,0.5294117647058824,0.058823529411764705,fp
sr_7923,20,10,0,0.5,0.5,0.0,fp
sr_46262,16,8,0,0.5,0.5,0.0,fp
sr_18754,6,3,0,0.5,0.5,0.0,fp
sr_64416,6,3,0,0.5,0.5,0.0,fp
sr_6908,6,3,0,0.5,0.5,0.0,fp
sr_21659,17,8,0,0.47058823529411764,0.47058823529411764,0.0,fp
sr_41488,18,8,0,0.4444444444444444,0.4444444444444444,0.0,fp
sr_21512,9,4,1,0.5555555555555556,0.4444444444444444,0.1111111111111111,fp
sr_22436,9,4,0,0.4444444444444444,0.4444444444444444,0.0,fp
sr_19848,16,7,1,0.5,0.4375,0.0625,fp
sr_55624,184,79,0,0.42934782608695654,0.42934782608695654,0.0,fp
sr_62577,21,9,0,0.42857142857142855,0.42857142857142855,0.0,fp
sr_11503,7,3,1,0.5714285714285714,0.42857142857142855,0.14285714285714285,fp
sr_22171,7,3,1,0.5714285714285714,0.42857142857142855,0.14285714285714285,fp
sr_54673,59,0,59,1.0,0.0,1.0,fn
sr_46991,38,0,38,1.0,0.0,1.0,fn
sr_46999,33,0,33,1.0,0.0,1.0,fn
sr_3784,21,0,21,1.0,0.0,1.0,fn
sr_40215,20,0,20,1.0,0.0,1.0,fn
sr_12304,17,0,17,1.0,0.0,1.0,fn
sr_28648,16,0,16,1.0,0.0,1.0,fn
sr_56204,15,0,15,1.0,0.0,1.0,fn
sr_29231,14,0,14,1.0,0.0,1.0,fn
sr_54725,14,0,14,1.0,0.0,1.0,fn
sr_62058,14,0,14,1.0,0.0,1.0,fn
sr_11887,13,0,13,1.0,0.0,1.0,fn
sr_24808,13,0,13,1.0,0.0,1.0,fn
sr_28758,13,0,13,1.0,0.0,1.0,fn
sr_49140,13,0,13,1.0,0.0,1.0,fn
sr_3586,12,0,12,1.0,0.0,1.0,fn
sr_37761,12,0,12,1.0,0.0,1.0,fn
sr_47265,12,0,12,1.0,0.0,1.0,fn
sr_10036,11,0,11,1.0,0.0,1.0,fn
sr_1199,11,0,11,1.0,0.0,1.0,fn
