source_subreddit_norm,n,fp,fn,error_rate,fp_rate,fn_rate,kind
sr_45370,12,8,1,0.75,0.6666666666666666,0.08333333333333333,fp
sr_19099,5,3,0,0.6,0.6,0.0,fp
sr_43534,6,3,0,0.5,0.5,0.0,fp
sr_55624,184,83,0,0.45108695652173914,0.45108695652173914,0.0,fp
sr_27648,7,3,0,0.42857142857142855,0.42857142857142855,0.0,fp
sr_3997,7,3,1,0.5714285714285714,0.42857142857142855,0.14285714285714285,fp
sr_8023,7,3,1,0.5714285714285714,0.42857142857142855,0.14285714285714285,fp
sr_42873,19,8,3,0.5789473684210527,0.42105263157894735,0.15789473684210525,fp
sr_12426,5,2,0,0.4,0.4,0.0,fp
sr_22226,5,2,1,0.6,0.4,0.2,fp
sr_24097,5,2,0,0.4,0.4,0.0,fp
sr_25425,5,2,0,0.4,0.4,0.0,fp
sr_38452,5,2,0,0.4,0.4,0.0,fp
sr_40091,5,2,1,0.6,0.4,0.2,fp
sr_46683,5,2,1,0.6,0.4,0.2,fp
sr_48000,5,2,0,0.4,0.4,0.0,fp
sr_64097,5,2,1,0.6,0.4,0.2,fp
sr_32697,8,3,0,0.375,0.375,0.0,fp
sr_56840,30,11,8,0.6333333333333333,0.36666666666666664,0.26666666666666666,fp
sr_22436,9,3,1,0.4444444444444444,0.3333333333333333,0.1111111111111111,fp
sr_27634,19,0,19,1.0,0.0,1.0,fn
sr_40210,6,0,6,1.0,0.0,1.0,fn
sr_851,5,0,5,1.0,0.0,1.0,fn
sr_9253,5,0,5,1.0,0.0,1.0,fn
sr_45829,33,0,30,0.9090909090909091,0.0,0.9090909090909091,fn
sr_19995,16,0,14,0.875,0.0,0.875,fn
sr_25733,23,0,20,0.8695652173913043,0.0,0.8695652173913043,fn
sr_22164,77,0,66,0.8571428571428571,0.0,0.8571428571428571,fn
sr_14894,7,0,6,0.8571428571428571,0.0,0.8571428571428571,fn
sr_25270,7,0,6,0.8571428571428571,0.0,0.8571428571428571,fn
sr_34662,6,1,5,1.0,0.16666666666666666,0.8333333333333334,fn
sr_41917,6,0,5,0.8333333333333334,0.0,0.8333333333333334,fn
sr_65008,6,0,5,0.8333333333333334,0.0,0.8333333333333334,fn
sr_11258,5,0,4,0.8,0.0,0.8,fn
sr_31841,5,0,4,0.8,0.0,0.8,fn
sr_53834,9,0,7,0.7777777777777778,0.0,0.7777777777777778,fn
sr_5032,17,0,13,0.7647058823529411,0.0,0.7647058823529411,fn
sr_2407,12,0,9,0.75,0.0,0.75,fn
sr_30310,12,0,9,0.75,0.0,0.75,fn
sr_26529,8,0,6,0.75,0.0,0.75,fn
