source_subreddit_norm,n,fp,fn,error_rate,fp_rate,fn_rate,kind
sr_45370,12,8,0,0.6666666666666666,0.6666666666666666,0.0,fp
sr_24097,5,3,0,0.6,0.6,0.0,fp
sr_51748,7,4,0,0.5714285714285714,0.5714285714285714,0.0,fp
sr_42873,19,10,0,0.5263157894736842,0.5263157894736842,0.0,fp
sr_3997,7,3,1,0.5714285714285714,0.42857142857142855,0.14285714285714285,fp
sr_50843,26,11,5,0.6153846153846154,0.4230769230769231,0.19230769230769232,fp
sr_12426,5,2,0,0.4,0.4,0.0,fp
sr_14581,5,2,2,0.8,0.4,0.4,fp
sr_32237,5,2,0,0.4,0.4,0.0,fp
sr_46683,5,2,1,0.6,0.4,0.2,fp
sr_48396,5,2,1,0.6,0.4,0.2,fp
sr_53508,5,2,0,0.4,0.4,0.0,fp
sr_5863,5,2,0,0.4,0.4,0.0,fp
sr_64097,5,2,0,0.4,0.4,0.0,fp
sr_22759,19,7,7,0.7368421052631579,0.3684210526315789,0.3684210526315789,fp
sr_49131,11,4,0,0.36363636363636365,0.36363636363636365,0.0,fp
sr_55682,41,14,0,0.34146341463414637,0.34146341463414637,0.0,fp
sr_22436,9,3,1,0.4444444444444444,0.3333333333333333,0.1111111111111111,fp
sr_25638,6,2,1,0.5,0.3333333333333333,0.16666666666666666,fp
sr_32185,6,2,0,0.3333333333333333,0.3333333333333333,0.0,fp
sr_54673,59,0,59,1.0,0.0,1.0,fn
sr_60805,54,0,54,1.0,0.0,1.0,fn
sr_61178,50,0,50,1.0,0.0,1.0,fn
sr_24800,26,0,26,1.0,0.0,1.0,fn
sr_10264,23,0,23,1.0,0.0,1.0,fn
sr_24116,16,0,16,1.0,0.0,1.0,fn
sr_56204,15,0,15,1.0,0.0,1.0,fn
sr_3685,14,0,14,1.0,0.0,1.0,fn
sr_46204,14,0,14,1.0,0.0,1.0,fn
sr_24808,13,0,13,1.0,0.0,1.0,fn
sr_39441,13,0,13,1.0,0.0,1.0,fn
sr_48481,13,0,13,1.0,0.0,1.0,fn
sr_56250,11,0,11,1.0,0.0,1.0,fn
sr_1182,10,0,10,1.0,0.0,1.0,fn
sr_15554,10,0,10,1.0,0.0,1.0,fn
sr_40063,10,0,10,1.0,0.0,1.0,fn
sr_44558,10,0,10,1.0,0.0,1.0,fn
sr_45603,10,0,10,1.0,0.0,1.0,fn
sr_57304,10,0,10,1.0,0.0,1.0,fn
sr_26382,9,0,9,1.0,0.0,1.0,fn
