source_subreddit_norm,n,fp,fn,error_rate,fp_rate,fn_rate,kind
sr_12426,5,5,0,1.0,1.0,0.0,fp
sr_40921,7,6,0,0.8571428571428571,0.8571428571428571,0.0,fp
sr_51748,7,6,0,0.8571428571428571,0.8571428571428571,0.0,fp
sr_11503,7,5,0,0.7142857142857143,0.7142857142857143,0.0,fp
sr_45370,12,8,0,0.6666666666666666,0.6666666666666666,0.0,fp
sr_19099,5,3,0,0.6,0.6,0.0,fp
sr_24097,5,3,0,0.6,0.6,0.0,fp
sr_28175,5,3,0,0.6,0.6,0.0,fp
sr_29282,5,3,0,0.6,0.6,0.0,fp
sr_30541,5,3,0,0.6,0.6,0.0,fp
sr_4134,12,7,0,0.5833333333333334,0.5833333333333334,0.0,fp
sr_42999,18,10,0,0.5555555555555556,0.5555555555555556,0.0,fp
sr_7923,20,11,1,0.6,0.55,0.05,fp
sr_12525,17,9,0,0.5294117647058824,0.5294117647058824,0.0,fp
sr_42873,19,10,0,0.5263157894736842,0.5263157894736842,0.0,fp
sr_18754,6,3,0,0.5,0.5,0.0,fp
sr_18992,6,3,0,0.5,0.5,0.0,fp
sr_20427,6,3,0,0.5,0.5,0.0,fp
sr_43534,6,3,0,0.5,0.5,0.0,fp
sr_64416,6,3,0,0.5,0.5,0.0,fp
sr_40215,20,0,20,1.0,0.0,1.0,fn
sr_21209,9,0,9,1.0,0.0,1.0,fn
sr_737,9,0,9,1.0,0.0,1.0,fn
sr_24129,8,0,8,1.0,0.0,1.0,fn
sr_55939,7,0,7,1.0,0.0,1.0,fn
sr_42518,6,0,6,1.0,0.0,1.0,fn
sr_8075,6,0,6,1.0,0.0,1.0,fn
sr_19067,5,0,5,1.0,0.0,1.0,fn
sr_20036,5,0,5,1.0,0.0,1.0,fn
sr_2857,5,0,5,1.0,0.0,1.0,fn
sr_34423,5,0,5,1.0,0.0,1.0,fn
sr_48147,5,0,5,1.0,0.0,1.0,fn
sr_50982,5,0,5,1.0,0.0,1.0,fn
sr_56322,5,0,5,1.0,0.0,1.0,fn
sr_61397,5,0,5,1.0,0.0,1.0,fn
sr_47610,19,1,18,1.0,0.05263157894736842,0.9473684210526315,fn
sr_35722,13,0,12,0.9230769230769231,0.0,0.9230769230769231,fn
sr_41816,12,0,11,0.9166666666666666,0.0,0.9166666666666666,fn
sr_37783,10,0,9,0.9,0.0,0.9,fn
sr_66560,56,0,50,0.8928571428571429,0.0,0.8928571428571429,fn
