source_subreddit_norm,n,fp,fn,error_rate,fp_rate,fn_rate,kind
sr_40921,7,6,0,0.8571428571428571,0.8571428571428571,0.0,fp
sr_51748,7,6,0,0.8571428571428571,0.8571428571428571,0.0,fp
sr_11503,7,5,0,0.7142857142857143,0.7142857142857143,0.0,fp
sr_50843,26,17,0,0.6538461538461539,0.6538461538461539,0.0,fp
sr_19099,5,3,0,0.6,0.6,0.0,fp
sr_24097,5,3,0,0.6,0.6,0.0,fp
sr_29282,5,3,0,0.6,0.6,0.0,fp
sr_30541,5,3,2,1.0,0.6,0.4,fp
sr_4134,12,7,0,0.5833333333333334,0.5833333333333334,0.0,fp
sr_6908,6,3,0,0.5,0.5,0.0,fp
sr_42873,19,9,1,0.5263157894736842,0.47368421052631576,0.05263157894736842,fp
sr_21659,17,8,0,0.47058823529411764,0.47058823529411764,0.0,fp
sr_37919,24,11,0,0.4583333333333333,0.4583333333333333,0.0,fp
sr_57462,11,5,1,0.5454545454545454,0.45454545454545453,0.09090909090909091,fp
sr_7923,20,9,4,0.65,0.45,0.2,fp
sr_41488,18,8,4,0.6666666666666666,0.4444444444444444,0.2222222222222222,fp
sr_21512,9,4,0,0.4444444444444444,0.4444444444444444,0.0,fp
sr_41604,9,4,0,0.4444444444444444,0.4444444444444444,0.0,fp
sr_19848,16,7,0,0.4375,0.4375,0.0,fp
sr_4903,14,6,2,0.5714285714285714,0.42857142857142855,0.14285714285714285,fp
sr_54673,59,0,59,1.0,0.0,1.0,fn
sr_20622,54,0,54,1.0,0.0,1.0,fn
sr_9014,34,0,34,1.0,0.0,1.0,fn
sr_54598,33,0,33,1.0,0.0,1.0,fn
sr_64997,32,0,32,1.0,0.0,1.0,fn
sr_36207,29,0,29,1.0,0.0,1.0,fn
sr_17934,27,0,27,1.0,0.0,1.0,fn
sr_1064,26,0,26,1.0,0.0,1.0,fn
sr_18826,24,0,24,1.0,0.0,1.0,fn
sr_8100,22,0,22,1.0,0.0,1.0,fn
sr_14098,21,0,21,1.0,0.0,1.0,fn
sr_40215,20,0,20,1.0,0.0,1.0,fn
sr_34461,18,0,18,1.0,0.0,1.0,fn
sr_54543,18,0,18,1.0,0.0,1.0,fn
sr_11192,17,0,17,1.0,0.0,1.0,fn
sr_14734,17,0,17,1.0,0.0,1.0,fn
sr_9683,17,0,17,1.0,0.0,1.0,fn
sr_25074,16,0,16,1.0,0.0,1.0,fn
sr_28340,16,0,16,1.0,0.0,1.0,fn
sr_28648,16,0,16,1.0,0.0,1.0,fn
