source_subreddit_norm,n,fp,fn,error_rate,fp_rate,fn_rate,kind
sr_45370,12,8,0,0.6666666666666666,0.6666666666666666,0.0,fp
sr_19099,5,3,0,0.6,0.6,0.0,fp
sr_24097,5,3,0,0.6,0.6,0.0,fp
sr_43534,6,3,0,0.5,0.5,0.0,fp
sr_42873,19,9,2,0.5789473684210527,0.47368421052631576,0.10526315789473684,fp
sr_55624,184,83,0,0.45108695652173914,0.45108695652173914,0.0,fp
sr_27648,7,3,0,0.42857142857142855,0.42857142857142855,0.0,fp
sr_3997,7,3,1,0.5714285714285714,0.42857142857142855,0.14285714285714285,fp
sr_8023,7,3,1,0.5714285714285714,0.42857142857142855,0.14285714285714285,fp
sr_14581,5,2,1,0.6,0.4,0.2,fp
sr_22226,5,2,1,0.6,0.4,0.2,fp
sr_25425,5,2,0,0.4,0.4,0.0,fp
sr_38452,5,2,0,0.4,0.4,0.0,fp
sr_40091,5,2,2,0.8,0.4,0.4,fp
sr_46683,5,2,1,0.6,0.4,0.2,fp
sr_48000,5,2,0,0.4,0.4,0.0,fp
sr_48396,5,2,0,0.4,0.4,0.0,fp
sr_64097,5,2,0,0.4,0.4,0.0,fp
sr_32697,8,3,0,0.375,0.375,0.0,fp
sr_56840,30,11,6,0.5666666666666667,0.36666666666666664,0.2,fp
sr_8179,6,0,6,1.0,0.0,1.0,fn
sr_25733,23,0,21,0.9130434782608695,0.0,0.9130434782608695,fn
sr_45829,33,0,28,0.8484848484848485,0.0,0.8484848484848485,fn
sr_34662,6,1,5,1.0,0.16666666666666666,0.8333333333333334,fn
sr_22164,77,0,63,0.8181818181818182,0.0,0.8181818181818182,fn
sr_16464,5,0,4,0.8,0.0,0.8,fn
sr_30310,12,0,9,0.75,0.0,0.75,fn
sr_51743,11,0,8,0.7272727272727273,0.0,0.7272727272727273,fn
sr_14894,7,0,5,0.7142857142857143,0.0,0.7142857142857143,fn
sr_43872,7,0,5,0.7142857142857143,0.0,0.7142857142857143,fn
sr_5032,17,0,12,0.7058823529411765,0.0,0.7058823529411765,fn
sr_19995,16,0,11,0.6875,0.0,0.6875,fn
sr_47610,19,1,13,0.7368421052631579,0.05263157894736842,0.6842105263157895,fn
sr_30371,186,1,125,0.6774193548387096,0.005376344086021506,0.6720430107526881,fn
sr_11508,12,1,8,0.75,0.08333333333333333,0.6666666666666666,fn
sr_37356,6,1,4,0.8333333333333334,0.16666666666666666,0.6666666666666666,fn
sr_41917,6,0,4,0.6666666666666666,0.0,0.6666666666666666,fn
sr_50337,6,0,4,0.6666666666666666,0.0,0.6666666666666666,fn
sr_65008,6,0,4,0.6666666666666666,0.0,0.6666666666666666,fn
sr_24042,41,1,26,0.6585365853658537,0.024390243902439025,0.6341463414634146,fn
