source_subreddit_norm,n,fp,fn,error_rate,fp_rate,fn_rate,kind
sr_51748,7,5,0,0.7142857142857143,0.7142857142857143,0.0,fp
sr_45370,12,8,0,0.6666666666666666,0.6666666666666666,0.0,fp
sr_24097,5,3,0,0.6,0.6,0.0,fp
sr_43534,6,3,0,0.5,0.5,0.0,fp
sr_42873,19,9,1,0.5263157894736842,0.47368421052631576,0.05263157894736842,fp
sr_32481,7,3,0,0.42857142857142855,0.42857142857142855,0.0,fp
sr_3997,7,3,2,0.7142857142857143,0.42857142857142855,0.2857142857142857,fp
sr_14581,5,2,2,0.8,0.4,0.4,fp
sr_32237,5,2,0,0.4,0.4,0.0,fp
sr_38452,5,2,0,0.4,0.4,0.0,fp
sr_40091,5,2,0,0.4,0.4,0.0,fp
sr_46683,5,2,1,0.6,0.4,0.2,fp
sr_48000,5,2,0,0.4,0.4,0.0,fp
sr_48396,5,2,0,0.4,0.4,0.0,fp
sr_5863,5,2,0,0.4,0.4,0.0,fp
sr_64097,5,2,0,0.4,0.4,0.0,fp
sr_32697,8,3,0,0.375,0.375,0.0,fp
sr_66496,11,4,1,0.45454545454545453,0.36363636363636365,0.09090909090909091,fp
sr_55682,41,14,2,0.3902439024390244,0.34146341463414637,0.04878048780487805,fp
sr_22436,9,3,0,0.3333333333333333,0.3333333333333333,0.0,fp
sr_46991,38,0,38,1.0,0.0,1.0,fn
sr_27634,19,0,19,1.0,0.0,1.0,fn
sr_45046,9,0,9,1.0,0.0,1.0,fn
sr_23710,5,0,5,1.0,0.0,1.0,fn
sr_36211,5,0,5,1.0,0.0,1.0,fn
sr_45002,88,0,83,0.9431818181818182,0.0,0.9431818181818182,fn
sr_48988,50,0,45,0.9,0.0,0.9,fn
sr_1879,10,0,9,0.9,0.0,0.9,fn
sr_12945,17,0,15,0.8823529411764706,0.0,0.8823529411764706,fn
sr_5166,42,0,37,0.8809523809523809,0.0,0.8809523809523809,fn
sr_7731,50,0,44,0.88,0.0,0.88,fn
sr_28530,8,0,7,0.875,0.0,0.875,fn
sr_25733,23,0,20,0.8695652173913043,0.0,0.8695652173913043,fn
sr_11788,7,0,6,0.8571428571428571,0.0,0.8571428571428571,fn
sr_40976,20,0,17,0.85,0.0,0.85,fn
sr_63251,13,0,11,0.8461538461538461,0.0,0.8461538461538461,fn
sr_14889,6,0,5,0.8333333333333334,0.0,0.8333333333333334,fn
sr_20018,6,0,5,0.8333333333333334,0.0,0.8333333333333334,fn
sr_48083,10,0,8,0.8,0.0,0.8,fn
sr_15285,5,1,4,1.0,0.2,0.8,fn
