source_subreddit_norm,n,fp,fn,error_rate,fp_rate,fn_rate,kind
sr_40921,7,6,0,0.8571428571428571,0.8571428571428571,0.0,fp
sr_51748,7,6,0,0.8571428571428571,0.8571428571428571,0.0,fp
sr_11503,7,5,0,0.7142857142857143,0.7142857142857143,0.0,fp
sr_45370,12,8,4,1.0,0.6666666666666666,0.3333333333333333,fp
sr_19099,5,3,0,0.6,0.6,0.0,fp
sr_24097,5,3,0,0.6,0.6,0.0,fp
sr_29282,5,3,0,0.6,0.6,0.0,fp
sr_30541,5,3,0,0.6,0.6,0.0,fp
sr_4134,12,7,0,0.5833333333333334,0.5833333333333334,0.0,fp
sr_42873,19,10,0,0.5263157894736842,0.5263157894736842,0.0,fp
sr_18754,6,3,0,0.5,0.5,0.0,fp
sr_18992,6,3,0,0.5,0.5,0.0,fp
sr_20427,6,3,0,0.5,0.5,0.0,fp
sr_43534,6,3,1,0.6666666666666666,0.5,0.16666666666666666,fp
sr_6908,6,3,0,0.5,0.5,0.0,fp
sr_37919,24,11,0,0.4583333333333333,0.4583333333333333,0.0,fp
sr_57462,11,5,2,0.6363636363636364,0.45454545454545453,0.18181818181818182,fp
sr_55624,184,83,0,0.45108695652173914,0.45108695652173914,0.0,fp
sr_21512,9,4,0,0.4444444444444444,0.4444444444444444,0.0,fp
sr_41604,9,4,0,0.4444444444444444,0.4444444444444444,0.0,fp
sr_60805,54,0,54,1.0,0.0,1.0,fn
sr_21557,40,0,40,1.0,0.0,1.0,fn
sr_9014,34,0,34,1.0,0.0,1.0,fn
sr_45829,33,0,33,1.0,0.0,1.0,fn
sr_17650,32,0,32,1.0,0.0,1.0,fn
sr_36207,29,0,29,1.0,0.0,1.0,fn
sr_59139,24,0,24,1.0,0.0,1.0,fn
sr_45192,23,0,23,1.0,0.0,1.0,fn
sr_61492,23,0,23,1.0,0.0,1.0,fn
sr_39721,22,0,22,1.0,0.0,1.0,fn
sr_22412,21,0,21,1.0,0.0,1.0,fn
sr_37214,21,0,21,1.0,0.0,1.0,fn
sr_3784,21,0,21,1.0,0.0,1.0,fn
sr_43959,19,0,19,1.0,0.0,1.0,fn
sr_55570,19,0,19,1.0,0.0,1.0,fn
sr_12482,18,0,18,1.0,0.0,1.0,fn
sr_37775,18,0,18,1.0,0.0,1.0,fn
sr_14734,17,0,17,1.0,0.0,1.0,fn
sr_19205,17,0,17,1.0,0.0,1.0,fn
sr_43691,17,0,17,1.0,0.0,1.0,fn
