source_subreddit_norm,n,fp,fn,error_rate,fp_rate,fn_rate,kind
sr_51748,7,5,0,0.7142857142857143,0.7142857142857143,0.0,fp
sr_45370,12,8,1,0.75,0.6666666666666666,0.08333333333333333,fp
sr_43534,6,3,0,0.5,0.5,0.0,fp
sr_27648,7,3,0,0.42857142857142855,0.42857142857142855,0.0,fp
sr_32481,7,3,0,0.42857142857142855,0.42857142857142855,0.0,fp
sr_22226,5,2,1,0.6,0.4,0.2,fp
sr_24097,5,2,0,0.4,0.4,0.0,fp
sr_40091,5,2,0,0.4,0.4,0.0,fp
sr_46683,5,2,1,0.6,0.4,0.2,fp
sr_48000,5,2,0,0.4,0.4,0.0,fp
sr_48396,5,2,0,0.4,0.4,0.0,fp
sr_5863,5,2,0,0.4,0.4,0.0,fp
sr_50843,26,10,4,0.5384615384615384,0.38461538461538464,0.15384615384615385,fp
sr_42873,19,7,2,0.47368421052631576,0.3684210526315789,0.10526315789473684,fp
sr_66496,11,4,1,0.45454545454545453,0.36363636363636365,0.09090909090909091,fp
sr_18992,6,2,0,0.3333333333333333,0.3333333333333333,0.0,fp
sr_30759,6,2,0,0.3333333333333333,0.3333333333333333,0.0,fp
sr_32185,6,2,0,0.3333333333333333,0.3333333333333333,0.0,fp
sr_4045,6,2,1,0.5,0.3333333333333333,0.16666666666666666,fp
sr_45333,6,2,1,0.5,0.3333333333333333,0.16666666666666666,fp
sr_61178,50,0,50,1.0,0.0,1.0,fn
sr_47630,10,0,10,1.0,0.0,1.0,fn
sr_11788,7,0,7,1.0,0.0,1.0,fn
sr_62148,7,0,7,1.0,0.0,1.0,fn
sr_14308,6,0,6,1.0,0.0,1.0,fn
sr_5119,15,0,14,0.9333333333333333,0.0,0.9333333333333333,fn
sr_25733,23,0,21,0.9130434782608695,0.0,0.9130434782608695,fn
sr_5166,42,0,36,0.8571428571428571,0.0,0.8571428571428571,fn
sr_25124,7,0,6,0.8571428571428571,0.0,0.8571428571428571,fn
sr_63251,13,0,11,0.8461538461538461,0.0,0.8461538461538461,fn
sr_22164,77,0,65,0.8441558441558441,0.0,0.8441558441558441,fn
sr_12515,6,0,5,0.8333333333333334,0.0,0.8333333333333334,fn
sr_14889,6,0,5,0.8333333333333334,0.0,0.8333333333333334,fn
sr_34662,6,0,5,0.8333333333333334,0.0,0.8333333333333334,fn
sr_35686,6,0,5,0.8333333333333334,0.0,0.8333333333333334,fn
sr_4582,6,0,5,0.8333333333333334,0.0,0.8333333333333334,fn
sr_1541,5,0,4,0.8,0.0,0.8,fn
sr_17459,5,0,4,0.8,0.0,0.8,fn
sr_17599,5,0,4,0.8,0.0,0.8,fn
sr_23117,5,0,4,0.8,0.0,0.8,fn
