source_subreddit_norm,n,fp,fn,error_rate,fp_rate,fn_rate,kind
sr_51748,7,6,0,0.8571428571428571,0.8571428571428571,0.0,fp
sr_45370,12,8,0,0.6666666666666666,0.6666666666666666,0.0,fp
sr_19099,5,3,0,0.6,0.6,0.0,fp
sr_24097,5,3,0,0.6,0.6,0.0,fp
sr_30541,5,3,1,0.8,0.6,0.2,fp
sr_7923,20,11,1,0.6,0.55,0.05,fp
sr_12525,17,9,0,0.5294117647058824,0.5294117647058824,0.0,fp
sr_4134,12,6,1,0.5833333333333334,0.5,0.08333333333333333,fp
sr_18992,6,3,0,0.5,0.5,0.0,fp
sr_20427,6,3,0,0.5,0.5,0.0,fp
sr_42873,19,9,2,0.5789473684210527,0.47368421052631576,0.10526315789473684,fp
sr_22436,9,4,0,0.4444444444444444,0.4444444444444444,0.0,fp
sr_4903,14,6,2,0.5714285714285714,0.42857142857142855,0.14285714285714285,fp
sr_27648,7,3,0,0.42857142857142855,0.42857142857142855,0.0,fp
sr_32481,7,3,0,0.42857142857142855,0.42857142857142855,0.0,fp
sr_3997,7,3,1,0.5714285714285714,0.42857142857142855,0.14285714285714285,fp
sr_51723,7,3,0,0.42857142857142855,0.42857142857142855,0.0,fp
sr_44358,10,4,0,0.4,0.4,0.0,fp
sr_22226,5,2,0,0.4,0.4,0.0,fp
sr_26273,5,2,0,0.4,0.4,0.0,fp
sr_61178,50,0,50,1.0,0.0,1.0,fn
sr_55939,7,0,7,1.0,0.0,1.0,fn
sr_58863,6,0,6,1.0,0.0,1.0,fn
sr_36211,5,0,5,1.0,0.0,1.0,fn
sr_3974,5,0,5,1.0,0.0,1.0,fn
sr_41847,5,0,5,1.0,0.0,1.0,fn
sr_44808,5,0,5,1.0,0.0,1.0,fn
sr_47610,19,1,18,1.0,0.05263157894736842,0.9473684210526315,fn
sr_14562,13,0,12,0.9230769230769231,0.0,0.9230769230769231,fn
sr_1879,10,0,9,0.9,0.0,0.9,fn
sr_24129,8,0,7,0.875,0.0,0.875,fn
sr_35476,8,0,7,0.875,0.0,0.875,fn
sr_20537,48,0,41,0.8541666666666666,0.0,0.8541666666666666,fn
sr_42338,58,0,49,0.8448275862068966,0.0,0.8448275862068966,fn
sr_51090,19,0,16,0.8421052631578947,0.0,0.8421052631578947,fn
sr_5166,42,1,35,0.8571428571428571,0.023809523809523808,0.8333333333333334,fn
sr_373,12,0,10,0.8333333333333334,0.0,0.8333333333333334,fn
sr_2284,6,0,5,0.8333333333333334,0.0,0.8333333333333334,fn
sr_24173,6,0,5,0.8333333333333334,0.0,0.8333333333333334,fn
sr_42600,6,0,5,0.8333333333333334,0.0,0.8333333333333334,fn
