source_subreddit_norm,n,fp,fn,error_rate,fp_rate,fn_rate,kind
sr_24097,5,3,1,0.8,0.6,0.2,fp
sr_43534,6,3,1,0.6666666666666666,0.5,0.16666666666666666,fp
sr_55624,184,83,0,0.45108695652173914,0.45108695652173914,0.0,fp
sr_27648,7,3,4,1.0,0.42857142857142855,0.5714285714285714,fp
sr_8023,7,3,3,0.8571428571428571,0.42857142857142855,0.42857142857142855,fp
sr_12426,5,2,0,0.4,0.4,0.0,fp
sr_38452,5,2,0,0.4,0.4,0.0,fp
sr_48000,5,2,1,0.6,0.4,0.2,fp
sr_56840,30,11,15,0.8666666666666667,0.36666666666666664,0.5,fp
sr_66496,11,4,6,0.9090909090909091,0.36363636363636365,0.5454545454545454,fp
sr_20211,6,2,3,0.8333333333333334,0.3333333333333333,0.5,fp
sr_35569,6,2,3,0.8333333333333334,0.3333333333333333,0.5,fp
sr_4045,6,2,4,1.0,0.3333333333333333,0.6666666666666666,fp
sr_32481,7,2,4,0.8571428571428571,0.2857142857142857,0.5714285714285714,fp
sr_4182,7,2,4,0.8571428571428571,0.2857142857142857,0.5714285714285714,fp
sr_61126,11,3,4,0.6363636363636364,0.2727272727272727,0.36363636363636365,fp
sr_32697,8,2,2,0.5,0.25,0.25,fp
sr_41488,18,4,2,0.3333333333333333,0.2222222222222222,0.1111111111111111,fp
sr_8027,9,2,4,0.6666666666666666,0.2222222222222222,0.4444444444444444,fp
sr_4903,14,3,8,0.7857142857142857,0.21428571428571427,0.5714285714285714,fp
sr_40041,166,0,166,1.0,0.0,1.0,fn
sr_8560,148,0,148,1.0,0.0,1.0,fn
sr_34646,143,0,143,1.0,0.0,1.0,fn
sr_18591,118,0,118,1.0,0.0,1.0,fn
sr_45136,103,0,103,1.0,0.0,1.0,fn
sr_5912,98,0,98,1.0,0.0,1.0,fn
sr_26919,73,0,73,1.0,0.0,1.0,fn
sr_39204,64,0,64,1.0,0.0,1.0,fn
sr_45642,62,0,62,1.0,0.0,1.0,fn
sr_51821,60,0,60,1.0,0.0,1.0,fn
sr_20622,54,0,54,1.0,0.0,1.0,fn
sr_35115,49,0,49,1.0,0.0,1.0,fn
sr_39466,46,0,46,1.0,0.0,1.0,fn
sr_10928,44,0,44,1.0,0.0,1.0,fn
sr_21672,44,0,44,1.0,0.0,1.0,fn
sr_26918,41,0,41,1.0,0.0,1.0,fn
sr_21557,40,0,40,1.0,0.0,1.0,fn
sr_33243,39,0,39,1.0,0.0,1.0,fn
sr_239,35,0,35,1.0,0.0,1.0,fn
sr_58167,35,0,35,1.0,0.0,1.0,fn
