source_subreddit_norm,n,fp,fn,error_rate,fp_rate,fn_rate,kind
sr_45370,12,8,0,0.6666666666666666,0.6666666666666666,0.0,fp
sr_24097,5,3,0,0.6,0.6,0.0,fp
sr_43534,6,3,0,0.5,0.5,0.0,fp
sr_42873,19,9,1,0.5263157894736842,0.47368421052631576,0.05263157894736842,fp
sr_32481,7,3,0,0.42857142857142855,0.42857142857142855,0.0,fp
sr_3997,7,3,1,0.5714285714285714,0.42857142857142855,0.14285714285714285,fp
sr_51748,7,3,0,0.42857142857142855,0.42857142857142855,0.0,fp
sr_14581,5,2,1,0.6,0.4,0.2,fp
sr_19099,5,2,0,0.4,0.4,0.0,fp
sr_22226,5,2,0,0.4,0.4,0.0,fp
sr_46683,5,2,1,0.6,0.4,0.2,fp
sr_48000,5,2,0,0.4,0.4,0.0,fp
sr_48396,5,2,0,0.4,0.4,0.0,fp
sr_5863,5,2,0,0.4,0.4,0.0,fp
sr_64097,5,2,0,0.4,0.4,0.0,fp
sr_49131,11,4,0,0.36363636363636365,0.36363636363636365,0.0,fp
sr_50843,26,9,5,0.5384615384615384,0.34615384615384615,0.19230769230769232,fp
sr_55682,41,14,2,0.3902439024390244,0.34146341463414637,0.04878048780487805,fp
sr_22436,9,3,0,0.3333333333333333,0.3333333333333333,0.0,fp
sr_25638,6,2,0,0.3333333333333333,0.3333333333333333,0.0,fp
sr_61178,50,0,50,1.0,0.0,1.0,fn
sr_46991,38,0,38,1.0,0.0,1.0,fn
sr_27634,19,0,19,1.0,0.0,1.0,fn
sr_34186,11,0,11,1.0,0.0,1.0,fn
sr_18680,10,0,10,1.0,0.0,1.0,fn
sr_40063,10,0,10,1.0,0.0,1.0,fn
sr_45046,9,0,9,1.0,0.0,1.0,fn
sr_28530,8,0,8,1.0,0.0,1.0,fn
sr_16773,6,0,6,1.0,0.0,1.0,fn
sr_24839,6,0,6,1.0,0.0,1.0,fn
sr_30226,6,0,6,1.0,0.0,1.0,fn
sr_18426,5,0,5,1.0,0.0,1.0,fn
sr_23710,5,0,5,1.0,0.0,1.0,fn
sr_66024,5,0,5,1.0,0.0,1.0,fn
sr_46999,33,0,32,0.9696969696969697,0.0,0.9696969696969697,fn
sr_39441,13,0,12,0.9230769230769231,0.0,0.9230769230769231,fn
sr_63251,13,0,12,0.9230769230769231,0.0,0.9230769230769231,fn
sr_1879,10,0,9,0.9,0.0,0.9,fn
sr_2512,29,0,26,0.896551724137931,0.0,0.896551724137931,fn
sr_48988,50,0,44,0.88,0.0,0.88,fn
