source_subreddit_norm,n,fp,fn,error_rate,fp_rate,fn_rate,kind
sr_45370,12,8,1,0.75,0.6666666666666666,0.08333333333333333,fp
sr_24097,5,3,0,0.6,0.6,0.0,fp
sr_18992,6,3,0,0.5,0.5,0.0,fp
sr_42873,19,9,1,0.5263157894736842,0.47368421052631576,0.05263157894736842,fp
sr_51748,7,3,1,0.5714285714285714,0.42857142857142855,0.14285714285714285,fp
sr_19099,5,2,2,0.8,0.4,0.4,fp
sr_40091,5,2,0,0.4,0.4,0.0,fp
sr_46683,5,2,1,0.6,0.4,0.2,fp
sr_5863,5,2,0,0.4,0.4,0.0,fp
sr_64097,5,2,0,0.4,0.4,0.0,fp
sr_19626,13,5,0,0.38461538461538464,0.38461538461538464,0.0,fp
sr_32697,8,3,1,0.5,0.375,0.125,fp
sr_49131,11,4,0,0.36363636363636365,0.36363636363636365,0.0,fp
sr_66496,11,4,1,0.45454545454545453,0.36363636363636365,0.09090909090909091,fp
sr_20427,6,2,0,0.3333333333333333,0.3333333333333333,0.0,fp
sr_30759,6,2,0,0.3333333333333333,0.3333333333333333,0.0,fp
sr_32185,6,2,0,0.3333333333333333,0.3333333333333333,0.0,fp
sr_35569,6,2,0,0.3333333333333333,0.3333333333333333,0.0,fp
sr_45333,6,2,1,0.5,0.3333333333333333,0.16666666666666666,fp
sr_62416,6,2,0,0.3333333333333333,0.3333333333333333,0.0,fp
sr_61178,50,0,50,1.0,0.0,1.0,fn
sr_46999,33,0,33,1.0,0.0,1.0,fn
sr_24800,26,0,26,1.0,0.0,1.0,fn
sr_25733,23,0,23,1.0,0.0,1.0,fn
sr_24116,16,0,16,1.0,0.0,1.0,fn
sr_24808,13,0,13,1.0,0.0,1.0,fn
sr_39441,13,0,13,1.0,0.0,1.0,fn
sr_44558,10,0,10,1.0,0.0,1.0,fn
sr_45603,10,0,10,1.0,0.0,1.0,fn
sr_28530,8,0,8,1.0,0.0,1.0,fn
sr_11788,7,0,7,1.0,0.0,1.0,fn
sr_24768,7,0,7,1.0,0.0,1.0,fn
sr_25065,7,0,7,1.0,0.0,1.0,fn
sr_39429,7,0,7,1.0,0.0,1.0,fn
sr_43062,7,0,7,1.0,0.0,1.0,fn
sr_62148,7,0,7,1.0,0.0,1.0,fn
sr_14889,6,0,6,1.0,0.0,1.0,fn
sr_20018,6,0,6,1.0,0.0,1.0,fn
sr_24839,6,0,6,1.0,0.0,1.0,fn
sr_35686,6,0,6,1.0,0.0,1.0,fn
