source_subreddit_norm,n,fp,fn,error_rate,fp_rate,fn_rate,kind
sr_12426,5,5,0,1.0,1.0,0.0,fp
sr_51748,7,5,0,0.7142857142857143,0.7142857142857143,0.0,fp
sr_45370,12,8,1,0.75,0.6666666666666666,0.08333333333333333,fp
sr_19099,5,3,0,0.6,0.6,0.0,fp
sr_24097,5,3,0,0.6,0.6,0.0,fp
sr_43534,6,3,0,0.5,0.5,0.0,fp
sr_42873,19,9,1,0.5263157894736842,0.47368421052631576,0.05263157894736842,fp
sr_55624,184,83,0,0.45108695652173914,0.45108695652173914,0.0,fp
sr_41488,18,8,2,0.5555555555555556,0.4444444444444444,0.1111111111111111,fp
sr_62577,21,9,0,0.42857142857142855,0.42857142857142855,0.0,fp
sr_27648,7,3,0,0.42857142857142855,0.42857142857142855,0.0,fp
sr_32481,7,3,0,0.42857142857142855,0.42857142857142855,0.0,fp
sr_3997,7,3,1,0.5714285714285714,0.42857142857142855,0.14285714285714285,fp
sr_8023,7,3,0,0.42857142857142855,0.42857142857142855,0.0,fp
sr_22759,19,8,1,0.47368421052631576,0.42105263157894735,0.05263157894736842,fp
sr_22226,5,2,1,0.6,0.4,0.2,fp
sr_25425,5,2,0,0.4,0.4,0.0,fp
sr_38452,5,2,0,0.4,0.4,0.0,fp
sr_40091,5,2,1,0.6,0.4,0.2,fp
sr_46683,5,2,1,0.6,0.4,0.2,fp
sr_45829,33,0,31,0.9393939393939394,0.0,0.9393939393939394,fn
sr_65008,6,0,5,0.8333333333333334,0.0,0.8333333333333334,fn
sr_25733,23,0,19,0.8260869565217391,0.0,0.8260869565217391,fn
sr_22164,77,0,63,0.8181818181818182,0.0,0.8181818181818182,fn
sr_9253,5,0,4,0.8,0.0,0.8,fn
sr_19995,16,0,12,0.75,0.0,0.75,fn
sr_5032,17,0,12,0.7058823529411765,0.0,0.7058823529411765,fn
sr_30310,12,0,8,0.6666666666666666,0.0,0.6666666666666666,fn
sr_34662,6,0,4,0.6666666666666666,0.0,0.6666666666666666,fn
sr_46701,6,0,4,0.6666666666666666,0.0,0.6666666666666666,fn
sr_33060,8,0,5,0.625,0.0,0.625,fn
sr_46986,8,0,5,0.625,0.0,0.625,fn
sr_64706,8,1,5,0.75,0.125,0.625,fn
sr_3058,15,0,9,0.6,0.0,0.6,fn
sr_10242,10,0,6,0.6,0.0,0.6,fn
sr_58917,10,0,6,0.6,0.0,0.6,fn
sr_10915,5,0,3,0.6,0.0,0.6,fn
sr_16464,5,0,3,0.6,0.0,0.6,fn
sr_22768,5,0,3,0.6,0.0,0.6,fn
sr_24869,5,0,3,0.6,0.0,0.6,fn
