source_subreddit_norm,n,fp,fn,error_rate,fp_rate,fn_rate,kind
sr_45370,12,8,0,0.6666666666666666,0.6666666666666666,0.0,fp
sr_24097,5,3,0,0.6,0.6,0.0,fp
sr_43534,6,3,0,0.5,0.5,0.0,fp
sr_22436,9,4,0,0.4444444444444444,0.4444444444444444,0.0,fp
sr_32481,7,3,0,0.42857142857142855,0.42857142857142855,0.0,fp
sr_3997,7,3,2,0.7142857142857143,0.42857142857142855,0.2857142857142857,fp
sr_51748,7,3,1,0.5714285714285714,0.42857142857142855,0.14285714285714285,fp
sr_14581,5,2,0,0.4,0.4,0.0,fp
sr_22226,5,2,0,0.4,0.4,0.0,fp
sr_40091,5,2,1,0.6,0.4,0.2,fp
sr_46683,5,2,0,0.4,0.4,0.0,fp
sr_48000,5,2,0,0.4,0.4,0.0,fp
sr_48396,5,2,0,0.4,0.4,0.0,fp
sr_5863,5,2,0,0.4,0.4,0.0,fp
sr_42873,19,7,2,0.47368421052631576,0.3684210526315789,0.10526315789473684,fp
sr_49131,11,4,0,0.36363636363636365,0.36363636363636365,0.0,fp
sr_66496,11,4,2,0.5454545454545454,0.36363636363636365,0.18181818181818182,fp
sr_20427,6,2,0,0.3333333333333333,0.3333333333333333,0.0,fp
sr_25638,6,2,0,0.3333333333333333,0.3333333333333333,0.0,fp
sr_32185,6,2,0,0.3333333333333333,0.3333333333333333,0.0,fp
sr_26061,43,0,43,1.0,0.0,1.0,fn
sr_27634,19,0,19,1.0,0.0,1.0,fn
sr_48481,13,0,13,1.0,0.0,1.0,fn
sr_34186,11,0,11,1.0,0.0,1.0,fn
sr_42213,11,0,11,1.0,0.0,1.0,fn
sr_18680,10,0,10,1.0,0.0,1.0,fn
sr_28530,8,0,8,1.0,0.0,1.0,fn
sr_14889,6,0,6,1.0,0.0,1.0,fn
sr_16773,6,0,6,1.0,0.0,1.0,fn
sr_20018,6,0,6,1.0,0.0,1.0,fn
sr_30226,6,0,6,1.0,0.0,1.0,fn
sr_58294,6,0,6,1.0,0.0,1.0,fn
sr_18426,5,0,5,1.0,0.0,1.0,fn
sr_23117,5,0,5,1.0,0.0,1.0,fn
sr_23710,5,0,5,1.0,0.0,1.0,fn
sr_36211,5,0,5,1.0,0.0,1.0,fn
sr_3974,5,0,5,1.0,0.0,1.0,fn
sr_66024,5,0,5,1.0,0.0,1.0,fn
sr_46999,33,0,32,0.9696969696969697,0.0,0.9696969696969697,fn
sr_39441,13,0,12,0.9230769230769231,0.0,0.9230769230769231,fn
