source_subreddit_norm,n,fp,fn,error_rate,fp_rate,fn_rate,kind
sr_40921,7,6,0,0.8571428571428571,0.8571428571428571,0.0,fp
sr_51748,7,6,0,0.8571428571428571,0.8571428571428571,0.0,fp
sr_11503,7,5,0,0.7142857142857143,0.7142857142857143,0.0,fp
sr_50843,26,17,0,0.6538461538461539,0.6538461538461539,0.0,fp
sr_42999,18,11,0,0.6111111111111112,0.6111111111111112,0.0,fp
sr_12426,5,3,0,0.6,0.6,0.0,fp
sr_19099,5,3,0,0.6,0.6,0.0,fp
sr_24097,5,3,0,0.6,0.6,0.0,fp
sr_28175,5,3,0,0.6,0.6,0.0,fp
sr_29282,5,3,0,0.6,0.6,0.0,fp
sr_30541,5,3,0,0.6,0.6,0.0,fp
sr_4134,12,7,0,0.5833333333333334,0.5833333333333334,0.0,fp
sr_7923,20,11,2,0.65,0.55,0.1,fp
sr_12525,17,9,0,0.5294117647058824,0.5294117647058824,0.0,fp
sr_42873,19,10,0,0.5263157894736842,0.5263157894736842,0.0,fp
sr_18992,6,3,0,0.5,0.5,0.0,fp
sr_20427,6,3,0,0.5,0.5,0.0,fp
sr_43534,6,3,0,0.5,0.5,0.0,fp
sr_21659,17,8,0,0.47058823529411764,0.47058823529411764,0.0,fp
sr_37919,24,11,0,0.4583333333333333,0.4583333333333333,0.0,fp
sr_60805,54,0,54,1.0,0.0,1.0,fn
sr_36207,29,0,29,1.0,0.0,1.0,fn
sr_1064,26,0,26,1.0,0.0,1.0,fn
sr_8100,22,0,22,1.0,0.0,1.0,fn
sr_40215,20,0,20,1.0,0.0,1.0,fn
sr_36635,17,0,17,1.0,0.0,1.0,fn
sr_52866,15,0,15,1.0,0.0,1.0,fn
sr_7639,14,0,14,1.0,0.0,1.0,fn
sr_18222,11,0,11,1.0,0.0,1.0,fn
sr_56250,11,0,11,1.0,0.0,1.0,fn
sr_65972,11,0,11,1.0,0.0,1.0,fn
sr_15902,9,0,9,1.0,0.0,1.0,fn
sr_21209,9,0,9,1.0,0.0,1.0,fn
sr_31228,9,0,9,1.0,0.0,1.0,fn
sr_56724,9,0,9,1.0,0.0,1.0,fn
sr_15909,8,0,8,1.0,0.0,1.0,fn
sr_19330,8,0,8,1.0,0.0,1.0,fn
sr_31206,8,0,8,1.0,0.0,1.0,fn
sr_51932,8,0,8,1.0,0.0,1.0,fn
sr_53837,8,0,8,1.0,0.0,1.0,fn
