source_subreddit_norm,n,fp,fn,error_rate,fp_rate,fn_rate,kind
sr_40921,7,6,0,0.8571428571428571,0.8571428571428571,0.0,fp
sr_11503,7,5,0,0.7142857142857143,0.7142857142857143,0.0,fp
sr_24097,5,3,0,0.6,0.6,0.0,fp
sr_28175,5,3,0,0.6,0.6,0.0,fp
sr_30541,5,3,0,0.6,0.6,0.0,fp
sr_4134,12,7,0,0.5833333333333334,0.5833333333333334,0.0,fp
sr_18754,6,3,1,0.6666666666666666,0.5,0.16666666666666666,fp
sr_18992,6,3,0,0.5,0.5,0.0,fp
sr_20427,6,3,0,0.5,0.5,0.0,fp
sr_6908,6,3,0,0.5,0.5,0.0,fp
sr_42873,19,9,1,0.5263157894736842,0.47368421052631576,0.05263157894736842,fp
sr_37919,24,11,2,0.5416666666666666,0.4583333333333333,0.08333333333333333,fp
sr_57462,11,5,3,0.7272727272727273,0.45454545454545453,0.2727272727272727,fp
sr_21512,9,4,0,0.4444444444444444,0.4444444444444444,0.0,fp
sr_41604,9,4,1,0.5555555555555556,0.4444444444444444,0.1111111111111111,fp
sr_19848,16,7,4,0.6875,0.4375,0.25,fp
sr_41359,21,9,0,0.42857142857142855,0.42857142857142855,0.0,fp
sr_22171,7,3,0,0.42857142857142855,0.42857142857142855,0.0,fp
sr_8023,7,3,3,0.8571428571428571,0.42857142857142855,0.42857142857142855,fp
sr_44358,10,4,2,0.6,0.4,0.2,fp
sr_54673,59,0,59,1.0,0.0,1.0,fn
sr_20622,54,0,54,1.0,0.0,1.0,fn
sr_60805,54,0,54,1.0,0.0,1.0,fn
sr_10928,44,0,44,1.0,0.0,1.0,fn
sr_12631,39,0,39,1.0,0.0,1.0,fn
sr_46092,33,0,33,1.0,0.0,1.0,fn
sr_55951,29,0,29,1.0,0.0,1.0,fn
sr_24287,28,0,28,1.0,0.0,1.0,fn
sr_1064,26,0,26,1.0,0.0,1.0,fn
sr_18826,24,0,24,1.0,0.0,1.0,fn
sr_17382,21,0,21,1.0,0.0,1.0,fn
sr_32966,21,0,21,1.0,0.0,1.0,fn
sr_43150,21,0,21,1.0,0.0,1.0,fn
sr_8105,21,0,21,1.0,0.0,1.0,fn
sr_51090,19,0,19,1.0,0.0,1.0,fn
sr_35808,18,0,18,1.0,0.0,1.0,fn
sr_37775,18,0,18,1.0,0.0,1.0,fn
sr_64050,18,0,18,1.0,0.0,1.0,fn
sr_14734,17,0,17,1.0,0.0,1.0,fn
sr_28971,17,0,17,1.0,0.0,1.0,fn
