source_subreddit_norm,n,fp,fn,error_rate,fp_rate,fn_rate,kind
sr_45370,12,8,1,0.75,0.6666666666666666,0.08333333333333333,fp
sr_24097,5,3,0,0.6,0.6,0.0,fp
sr_30541,5,3,0,0.6,0.6,0.0,fp
sr_18992,6,3,0,0.5,0.5,0.0,fp
sr_43534,6,3,0,0.5,0.5,0.0,fp
sr_42873,19,9,1,0.5263157894736842,0.47368421052631576,0.05263157894736842,fp
sr_55624,184,83,0,0.45108695652173914,0.45108695652173914,0.0,fp
sr_32481,7,3,0,0.42857142857142855,0.42857142857142855,0.0,fp
sr_22226,5,2,1,0.6,0.4,0.2,fp
sr_32237,5,2,0,0.4,0.4,0.0,fp
sr_34920,5,2,0,0.4,0.4,0.0,fp
sr_40091,5,2,0,0.4,0.4,0.0,fp
sr_46683,5,2,1,0.6,0.4,0.2,fp
sr_48000,5,2,0,0.4,0.4,0.0,fp
sr_48396,5,2,0,0.4,0.4,0.0,fp
sr_51902,5,2,0,0.4,0.4,0.0,fp
sr_5863,5,2,0,0.4,0.4,0.0,fp
sr_64097,5,2,0,0.4,0.4,0.0,fp
sr_32697,8,3,0,0.375,0.375,0.0,fp
sr_49131,11,4,0,0.36363636363636365,0.36363636363636365,0.0,fp
sr_44459,7,0,7,1.0,0.0,1.0,fn
sr_53747,7,0,7,1.0,0.0,1.0,fn
sr_14889,6,0,6,1.0,0.0,1.0,fn
sr_11021,5,0,5,1.0,0.0,1.0,fn
sr_25733,23,0,22,0.9565217391304348,0.0,0.9565217391304348,fn
sr_5166,42,0,37,0.8809523809523809,0.0,0.8809523809523809,fn
sr_63741,8,0,7,0.875,0.0,0.875,fn
sr_30371,186,0,161,0.8655913978494624,0.0,0.8655913978494624,fn
sr_13068,7,0,6,0.8571428571428571,0.0,0.8571428571428571,fn
sr_43872,7,0,6,0.8571428571428571,0.0,0.8571428571428571,fn
sr_53833,7,0,6,0.8571428571428571,0.0,0.8571428571428571,fn
sr_62148,7,0,6,0.8571428571428571,0.0,0.8571428571428571,fn
sr_5104,32,0,27,0.84375,0.0,0.84375,fn
sr_4069,18,0,15,0.8333333333333334,0.0,0.8333333333333334,fn
sr_50920,12,0,10,0.8333333333333334,0.0,0.8333333333333334,fn
sr_10638,6,0,5,0.8333333333333334,0.0,0.8333333333333334,fn
sr_28808,6,0,5,0.8333333333333334,0.0,0.8333333333333334,fn
sr_35686,6,0,5,0.8333333333333334,0.0,0.8333333333333334,fn
sr_44582,6,0,5,0.8333333333333334,0.0,0.8333333333333334,fn
sr_53115,6,0,5,0.8333333333333334,0.0,0.8333333333333334,fn
