source_subreddit_norm,n,fp,fn,error_rate,fp_rate,fn_rate,kind
sr_45370,12,8,0,0.6666666666666666,0.6666666666666666,0.0,fp
sr_24097,5,3,0,0.6,0.6,0.0,fp
sr_50843,26,13,2,0.5769230769230769,0.5,0.07692307692307693,fp
sr_18992,6,3,0,0.5,0.5,0.0,fp
sr_42873,19,9,2,0.5789473684210527,0.47368421052631576,0.10526315789473684,fp
sr_32481,7,3,0,0.42857142857142855,0.42857142857142855,0.0,fp
sr_3997,7,3,3,0.8571428571428571,0.42857142857142855,0.42857142857142855,fp
sr_51748,7,3,1,0.5714285714285714,0.42857142857142855,0.14285714285714285,fp
sr_56685,7,3,0,0.42857142857142855,0.42857142857142855,0.0,fp
sr_44358,10,4,0,0.4,0.4,0.0,fp
sr_14581,5,2,2,0.8,0.4,0.4,fp
sr_19099,5,2,0,0.4,0.4,0.0,fp
sr_32237,5,2,0,0.4,0.4,0.0,fp
sr_34920,5,2,0,0.4,0.4,0.0,fp
sr_40091,5,2,0,0.4,0.4,0.0,fp
sr_46683,5,2,1,0.6,0.4,0.2,fp
sr_48396,5,2,0,0.4,0.4,0.0,fp
sr_51902,5,2,0,0.4,0.4,0.0,fp
sr_5863,5,2,0,0.4,0.4,0.0,fp
sr_19626,13,5,0,0.38461538461538464,0.38461538461538464,0.0,fp
sr_61178,50,0,50,1.0,0.0,1.0,fn
sr_28530,8,0,8,1.0,0.0,1.0,fn
sr_53747,7,0,7,1.0,0.0,1.0,fn
sr_62148,7,0,7,1.0,0.0,1.0,fn
sr_10638,6,0,6,1.0,0.0,1.0,fn
sr_4582,6,0,6,1.0,0.0,1.0,fn
sr_1541,5,0,5,1.0,0.0,1.0,fn
sr_18426,5,0,5,1.0,0.0,1.0,fn
sr_36211,5,0,5,1.0,0.0,1.0,fn
sr_36506,5,0,5,1.0,0.0,1.0,fn
sr_66024,5,0,5,1.0,0.0,1.0,fn
sr_24116,16,0,15,0.9375,0.0,0.9375,fn
sr_63251,13,0,12,0.9230769230769231,0.0,0.9230769230769231,fn
sr_1879,10,0,9,0.9,0.0,0.9,fn
sr_26382,9,0,8,0.8888888888888888,0.0,0.8888888888888888,fn
sr_3983,9,0,8,0.8888888888888888,0.0,0.8888888888888888,fn
sr_26061,43,0,38,0.8837209302325582,0.0,0.8837209302325582,fn
sr_43872,7,0,6,0.8571428571428571,0.0,0.8571428571428571,fn
sr_39441,13,0,11,0.8461538461538461,0.0,0.8461538461538461,fn
sr_5104,32,1,27,0.875,0.03125,0.84375,fn
