source_subreddit_norm,n,fp,fn,error_rate,fp_rate,fn_rate,kind
sr_40921,7,6,0,0.8571428571428571,0.8571428571428571,0.0,fp
sr_19099,5,3,0,0.6,0.6,0.0,fp
sr_24097,5,3,1,0.8,0.6,0.2,fp
sr_28175,5,3,0,0.6,0.6,0.0,fp
sr_29282,5,3,1,0.8,0.6,0.2,fp
sr_4134,12,7,0,0.5833333333333334,0.5833333333333334,0.0,fp
sr_11503,7,4,0,0.5714285714285714,0.5714285714285714,0.0,fp
sr_51748,7,4,0,0.5714285714285714,0.5714285714285714,0.0,fp
sr_12525,17,9,0,0.5294117647058824,0.5294117647058824,0.0,fp
sr_18992,6,3,0,0.5,0.5,0.0,fp
sr_20427,6,3,1,0.6666666666666666,0.5,0.16666666666666666,fp
sr_43534,6,3,1,0.6666666666666666,0.5,0.16666666666666666,fp
sr_6908,6,3,0,0.5,0.5,0.0,fp
sr_21659,17,8,1,0.5294117647058824,0.47058823529411764,0.058823529411764705,fp
sr_57462,11,5,2,0.6363636363636364,0.45454545454545453,0.18181818181818182,fp
sr_22436,9,4,0,0.4444444444444444,0.4444444444444444,0.0,fp
sr_22171,7,3,0,0.42857142857142855,0.42857142857142855,0.0,fp
sr_27648,7,3,0,0.42857142857142855,0.42857142857142855,0.0,fp
sr_32481,7,3,0,0.42857142857142855,0.42857142857142855,0.0,fp
sr_51723,7,3,0,0.42857142857142855,0.42857142857142855,0.0,fp
sr_8531,112,0,112,1.0,0.0,1.0,fn
sr_47061,101,0,101,1.0,0.0,1.0,fn
sr_405,64,0,64,1.0,0.0,1.0,fn
sr_60805,54,0,54,1.0,0.0,1.0,fn
sr_35115,49,0,49,1.0,0.0,1.0,fn
sr_10928,44,0,44,1.0,0.0,1.0,fn
sr_35173,37,0,37,1.0,0.0,1.0,fn
sr_36207,29,0,29,1.0,0.0,1.0,fn
sr_41843,27,0,27,1.0,0.0,1.0,fn
sr_18826,24,0,24,1.0,0.0,1.0,fn
sr_59139,24,0,24,1.0,0.0,1.0,fn
sr_20365,21,0,21,1.0,0.0,1.0,fn
sr_42436,21,0,21,1.0,0.0,1.0,fn
sr_40215,20,0,20,1.0,0.0,1.0,fn
sr_724,20,0,20,1.0,0.0,1.0,fn
sr_25403,19,0,19,1.0,0.0,1.0,fn
sr_57754,19,0,19,1.0,0.0,1.0,fn
sr_4069,18,0,18,1.0,0.0,1.0,fn
sr_54543,18,0,18,1.0,0.0,1.0,fn
sr_36635,17,0,17,1.0,0.0,1.0,fn
