source_subreddit_norm,n,fp,fn,error_rate,fp_rate,fn_rate,kind
sr_45370,12,8,0,0.6666666666666666,0.6666666666666666,0.0,fp
sr_24097,5,3,0,0.6,0.6,0.0,fp
sr_51748,7,4,0,0.5714285714285714,0.5714285714285714,0.0,fp
sr_18992,6,3,0,0.5,0.5,0.0,fp
sr_20427,6,3,0,0.5,0.5,0.0,fp
sr_42873,19,9,2,0.5789473684210527,0.47368421052631576,0.10526315789473684,fp
sr_27648,7,3,1,0.5714285714285714,0.42857142857142855,0.14285714285714285,fp
sr_32481,7,3,0,0.42857142857142855,0.42857142857142855,0.0,fp
sr_3997,7,3,2,0.7142857142857143,0.42857142857142855,0.2857142857142857,fp
sr_8023,7,3,0,0.42857142857142855,0.42857142857142855,0.0,fp
sr_44358,10,4,0,0.4,0.4,0.0,fp
sr_19099,5,2,1,0.6,0.4,0.2,fp
sr_40091,5,2,0,0.4,0.4,0.0,fp
sr_46683,5,2,0,0.4,0.4,0.0,fp
sr_48000,5,2,0,0.4,0.4,0.0,fp
sr_48396,5,2,0,0.4,0.4,0.0,fp
sr_5863,5,2,0,0.4,0.4,0.0,fp
sr_32697,8,3,2,0.625,0.375,0.25,fp
sr_49131,11,4,0,0.36363636363636365,0.36363636363636365,0.0,fp
sr_66496,11,4,1,0.45454545454545453,0.36363636363636365,0.09090909090909091,fp
sr_11887,13,0,13,1.0,0.0,1.0,fn
sr_1182,10,0,10,1.0,0.0,1.0,fn
sr_44558,10,0,10,1.0,0.0,1.0,fn
sr_45603,10,0,10,1.0,0.0,1.0,fn
sr_47630,10,0,10,1.0,0.0,1.0,fn
sr_39184,9,0,9,1.0,0.0,1.0,fn
sr_32696,8,0,8,1.0,0.0,1.0,fn
sr_35476,8,0,8,1.0,0.0,1.0,fn
sr_14889,6,0,6,1.0,0.0,1.0,fn
sr_20018,6,0,6,1.0,0.0,1.0,fn
sr_35020,6,0,6,1.0,0.0,1.0,fn
sr_40782,6,0,6,1.0,0.0,1.0,fn
sr_4582,6,0,6,1.0,0.0,1.0,fn
sr_1541,5,0,5,1.0,0.0,1.0,fn
sr_2825,5,0,5,1.0,0.0,1.0,fn
sr_36211,5,0,5,1.0,0.0,1.0,fn
sr_40391,5,0,5,1.0,0.0,1.0,fn
sr_4165,5,0,5,1.0,0.0,1.0,fn
sr_43793,5,0,5,1.0,0.0,1.0,fn
sr_25733,23,0,22,0.9565217391304348,0.0,0.9565217391304348,fn
