source_subreddit_norm,n,fp,fn,error_rate,fp_rate,fn_rate,kind
sr_40921,7,5,0,0.7142857142857143,0.7142857142857143,0.0,fp
sr_51748,7,5,0,0.7142857142857143,0.7142857142857143,0.0,fp
sr_45370,12,8,0,0.6666666666666666,0.6666666666666666,0.0,fp
sr_19099,5,3,0,0.6,0.6,0.0,fp
sr_24097,5,3,0,0.6,0.6,0.0,fp
sr_29282,5,3,0,0.6,0.6,0.0,fp
sr_30541,5,3,0,0.6,0.6,0.0,fp
sr_7923,20,11,0,0.55,0.55,0.0,fp
sr_50843,26,14,0,0.5384615384615384,0.5384615384615384,0.0,fp
sr_12525,17,9,0,0.5294117647058824,0.5294117647058824,0.0,fp
sr_42999,18,9,1,0.5555555555555556,0.5,0.05555555555555555,fp
sr_18992,6,3,0,0.5,0.5,0.0,fp
sr_20427,6,3,0,0.5,0.5,0.0,fp
sr_43534,6,3,0,0.5,0.5,0.0,fp
sr_42873,19,9,1,0.5263157894736842,0.47368421052631576,0.05263157894736842,fp
sr_55624,184,83,11,0.5108695652173914,0.45108695652173914,0.059782608695652176,fp
sr_22436,9,4,0,0.4444444444444444,0.4444444444444444,0.0,fp
sr_11503,7,3,1,0.5714285714285714,0.42857142857142855,0.14285714285714285,fp
sr_22171,7,3,1,0.5714285714285714,0.42857142857142855,0.14285714285714285,fp
sr_27648,7,3,0,0.42857142857142855,0.42857142857142855,0.0,fp
sr_61178,50,0,50,1.0,0.0,1.0,fn
sr_34186,11,0,11,1.0,0.0,1.0,fn
sr_9193,8,0,8,1.0,0.0,1.0,fn
sr_16773,6,0,6,1.0,0.0,1.0,fn
sr_14172,5,0,5,1.0,0.0,1.0,fn
sr_61397,5,0,5,1.0,0.0,1.0,fn
sr_40215,20,0,18,0.9,0.0,0.9,fn
sr_35476,8,0,7,0.875,0.0,0.875,fn
sr_12508,62,0,54,0.8709677419354839,0.0,0.8709677419354839,fn
sr_42338,58,0,50,0.8620689655172413,0.0,0.8620689655172413,fn
sr_1562,25,0,21,0.84,0.0,0.84,fn
sr_11508,12,1,10,0.9166666666666666,0.08333333333333333,0.8333333333333334,fn
sr_32617,12,0,10,0.8333333333333334,0.0,0.8333333333333334,fn
sr_12515,6,0,5,0.8333333333333334,0.0,0.8333333333333334,fn
sr_60008,6,0,5,0.8333333333333334,0.0,0.8333333333333334,fn
sr_51832,511,0,422,0.8258317025440313,0.0,0.8258317025440313,fn
sr_60953,11,0,9,0.8181818181818182,0.0,0.8181818181818182,fn
sr_52811,21,0,17,0.8095238095238095,0.0,0.8095238095238095,fn
sr_32642,174,0,140,0.8045977011494253,0.0,0.8045977011494253,fn
sr_9375,10,0,8,0.8,0.0,0.8,fn
