source_subreddit_norm,n,fp,fn,error_rate,fp_rate,fn_rate,kind
sr_40921,7,6,0,0.8571428571428571,0.8571428571428571,0.0,fp
sr_51748,7,6,0,0.8571428571428571,0.8571428571428571,0.0,fp
sr_45370,12,8,3,0.9166666666666666,0.6666666666666666,0.25,fp
sr_50843,26,17,0,0.6538461538461539,0.6538461538461539,0.0,fp
sr_12426,5,3,0,0.6,0.6,0.0,fp
sr_19099,5,3,0,0.6,0.6,0.0,fp
sr_24097,5,3,0,0.6,0.6,0.0,fp
sr_28175,5,3,0,0.6,0.6,0.0,fp
sr_29282,5,3,0,0.6,0.6,0.0,fp
sr_30541,5,3,0,0.6,0.6,0.0,fp
sr_4134,12,7,0,0.5833333333333334,0.5833333333333334,0.0,fp
sr_11503,7,4,0,0.5714285714285714,0.5714285714285714,0.0,fp
sr_7923,20,11,0,0.55,0.55,0.0,fp
sr_12525,17,9,0,0.5294117647058824,0.5294117647058824,0.0,fp
sr_30988,20,10,3,0.65,0.5,0.15,fp
sr_18754,6,3,0,0.5,0.5,0.0,fp
sr_18992,6,3,0,0.5,0.5,0.0,fp
sr_20427,6,3,0,0.5,0.5,0.0,fp
sr_43534,6,3,0,0.5,0.5,0.0,fp
sr_6908,6,3,0,0.5,0.5,0.0,fp
sr_37775,18,0,18,1.0,0.0,1.0,fn
sr_33902,13,0,13,1.0,0.0,1.0,fn
sr_37783,10,0,10,1.0,0.0,1.0,fn
sr_21209,9,0,9,1.0,0.0,1.0,fn
sr_31,8,0,8,1.0,0.0,1.0,fn
sr_56497,8,0,8,1.0,0.0,1.0,fn
sr_57230,7,0,7,1.0,0.0,1.0,fn
sr_62932,7,0,7,1.0,0.0,1.0,fn
sr_14107,6,0,6,1.0,0.0,1.0,fn
sr_20036,5,0,5,1.0,0.0,1.0,fn
sr_34423,5,0,5,1.0,0.0,1.0,fn
sr_56322,5,0,5,1.0,0.0,1.0,fn
sr_61397,5,0,5,1.0,0.0,1.0,fn
sr_9253,5,0,5,1.0,0.0,1.0,fn
sr_40215,20,0,19,0.95,0.0,0.95,fn
sr_53614,15,0,14,0.9333333333333333,0.0,0.9333333333333333,fn
sr_59139,24,0,22,0.9166666666666666,0.0,0.9166666666666666,fn
sr_65825,35,0,32,0.9142857142857143,0.0,0.9142857142857143,fn
sr_22471,23,0,21,0.9130434782608695,0.0,0.9130434782608695,fn
sr_11366,11,0,10,0.9090909090909091,0.0,0.9090909090909091,fn
