source_subreddit_norm,n,fp,fn,error_rate,fp_rate,fn_rate,kind
sr_19099,5,3,0,0.6,0.6,0.0,fp
sr_24097,5,3,0,0.6,0.6,0.0,fp
sr_45370,12,7,1,0.6666666666666666,0.5833333333333334,0.08333333333333333,fp
sr_43534,6,3,0,0.5,0.5,0.0,fp
sr_42873,19,9,0,0.47368421052631576,0.47368421052631576,0.0,fp
sr_55624,184,83,3,0.4673913043478261,0.45108695652173914,0.016304347826086956,fp
sr_27648,7,3,0,0.42857142857142855,0.42857142857142855,0.0,fp
sr_32481,7,3,0,0.42857142857142855,0.42857142857142855,0.0,fp
sr_8023,7,3,0,0.42857142857142855,0.42857142857142855,0.0,fp
sr_14581,5,2,0,0.4,0.4,0.0,fp
sr_22226,5,2,1,0.6,0.4,0.2,fp
sr_30541,5,2,0,0.4,0.4,0.0,fp
sr_32237,5,2,0,0.4,0.4,0.0,fp
sr_38452,5,2,0,0.4,0.4,0.0,fp
sr_40091,5,2,0,0.4,0.4,0.0,fp
sr_46683,5,2,1,0.6,0.4,0.2,fp
sr_48000,5,2,0,0.4,0.4,0.0,fp
sr_48396,5,2,0,0.4,0.4,0.0,fp
sr_5863,5,2,0,0.4,0.4,0.0,fp
sr_64097,5,2,0,0.4,0.4,0.0,fp
sr_2313,6,0,6,1.0,0.0,1.0,fn
sr_23117,5,0,5,1.0,0.0,1.0,fn
sr_23710,5,0,5,1.0,0.0,1.0,fn
sr_27634,19,0,18,0.9473684210526315,0.0,0.9473684210526315,fn
sr_25733,23,0,20,0.8695652173913043,0.0,0.8695652173913043,fn
sr_46991,38,0,33,0.868421052631579,0.0,0.868421052631579,fn
sr_5166,42,0,36,0.8571428571428571,0.0,0.8571428571428571,fn
sr_43344,12,0,10,0.8333333333333334,0.0,0.8333333333333334,fn
sr_34662,6,1,5,1.0,0.16666666666666666,0.8333333333333334,fn
sr_52756,6,0,5,0.8333333333333334,0.0,0.8333333333333334,fn
sr_23462,17,1,14,0.8823529411764706,0.058823529411764705,0.8235294117647058,fn
sr_22164,77,0,62,0.8051948051948052,0.0,0.8051948051948052,fn
sr_49322,5,0,4,0.8,0.0,0.8,fn
sr_804,5,0,4,0.8,0.0,0.8,fn
sr_57698,32,0,25,0.78125,0.0,0.78125,fn
sr_4069,18,0,14,0.7777777777777778,0.0,0.7777777777777778,fn
sr_30310,12,0,9,0.75,0.0,0.75,fn
sr_35476,8,0,6,0.75,0.0,0.75,fn
sr_26728,11,0,8,0.7272727272727273,0.0,0.7272727272727273,fn
sr_5184,18,0,13,0.7222222222222222,0.0,0.7222222222222222,fn
