source_subreddit_norm,n,fp,fn,error_rate,fp_rate,fn_rate,kind
sr_51748,7,6,0,0.8571428571428571,0.8571428571428571,0.0,fp
sr_12426,5,4,0,0.8,0.8,0.0,fp
sr_19099,5,3,0,0.6,0.6,0.0,fp
sr_24097,5,3,0,0.6,0.6,0.0,fp
sr_4134,12,7,2,0.75,0.5833333333333334,0.16666666666666666,fp
sr_40921,7,4,0,0.5714285714285714,0.5714285714285714,0.0,fp
sr_42873,19,10,0,0.5263157894736842,0.5263157894736842,0.0,fp
sr_18754,6,3,1,0.6666666666666666,0.5,0.16666666666666666,fp
sr_20427,6,3,0,0.5,0.5,0.0,fp
sr_43534,6,3,1,0.6666666666666666,0.5,0.16666666666666666,fp
sr_55624,184,83,0,0.45108695652173914,0.45108695652173914,0.0,fp
sr_19848,16,7,3,0.625,0.4375,0.1875,fp
sr_11503,7,3,0,0.42857142857142855,0.42857142857142855,0.0,fp
sr_27648,7,3,2,0.7142857142857143,0.42857142857142855,0.2857142857142857,fp
sr_32481,7,3,1,0.5714285714285714,0.42857142857142855,0.14285714285714285,fp
sr_8023,7,3,2,0.7142857142857143,0.42857142857142855,0.2857142857142857,fp
sr_22759,19,8,4,0.631578947368421,0.42105263157894735,0.21052631578947367,fp
sr_45370,12,5,4,0.75,0.4166666666666667,0.3333333333333333,fp
sr_44358,10,4,2,0.6,0.4,0.2,fp
sr_15438,5,2,2,0.8,0.4,0.4,fp
sr_20622,54,0,54,1.0,0.0,1.0,fn
sr_62149,23,0,23,1.0,0.0,1.0,fn
sr_3784,21,0,21,1.0,0.0,1.0,fn
sr_32298,20,0,20,1.0,0.0,1.0,fn
sr_37775,18,0,18,1.0,0.0,1.0,fn
sr_14734,17,0,17,1.0,0.0,1.0,fn
sr_28648,16,0,16,1.0,0.0,1.0,fn
sr_33899,14,0,14,1.0,0.0,1.0,fn
sr_919,14,0,14,1.0,0.0,1.0,fn
sr_27117,13,0,13,1.0,0.0,1.0,fn
sr_51413,13,0,13,1.0,0.0,1.0,fn
sr_54545,13,0,13,1.0,0.0,1.0,fn
sr_11857,12,0,12,1.0,0.0,1.0,fn
sr_17965,12,0,12,1.0,0.0,1.0,fn
sr_25662,12,0,12,1.0,0.0,1.0,fn
sr_3586,12,0,12,1.0,0.0,1.0,fn
sr_47265,12,0,12,1.0,0.0,1.0,fn
sr_54573,12,0,12,1.0,0.0,1.0,fn
sr_5783,12,0,12,1.0,0.0,1.0,fn
sr_62915,12,0,12,1.0,0.0,1.0,fn
