source_subreddit_norm,n,fp,fn,error_rate,fp_rate,fn_rate,kind
sr_45370,12,8,1,0.75,0.6666666666666666,0.08333333333333333,fp
sr_24097,5,3,0,0.6,0.6,0.0,fp
sr_43534,6,3,0,0.5,0.5,0.0,fp
sr_55624,184,83,0,0.45108695652173914,0.45108695652173914,0.0,fp
sr_27648,7,3,1,0.5714285714285714,0.42857142857142855,0.14285714285714285,fp
sr_32481,7,3,0,0.42857142857142855,0.42857142857142855,0.0,fp
sr_51748,7,3,1,0.5714285714285714,0.42857142857142855,0.14285714285714285,fp
sr_8023,7,3,0,0.42857142857142855,0.42857142857142855,0.0,fp
sr_19099,5,2,0,0.4,0.4,0.0,fp
sr_38452,5,2,1,0.6,0.4,0.2,fp
sr_40091,5,2,0,0.4,0.4,0.0,fp
sr_46683,5,2,1,0.6,0.4,0.2,fp
sr_48000,5,2,0,0.4,0.4,0.0,fp
sr_48396,5,2,0,0.4,0.4,0.0,fp
sr_5863,5,2,0,0.4,0.4,0.0,fp
sr_60093,5,2,0,0.4,0.4,0.0,fp
sr_64097,5,2,0,0.4,0.4,0.0,fp
sr_19626,13,5,0,0.38461538461538464,0.38461538461538464,0.0,fp
sr_32697,8,3,0,0.375,0.375,0.0,fp
sr_42873,19,7,2,0.47368421052631576,0.3684210526315789,0.10526315789473684,fp
sr_43344,12,0,12,1.0,0.0,1.0,fn
sr_53837,8,0,8,1.0,0.0,1.0,fn
sr_2313,6,0,6,1.0,0.0,1.0,fn
sr_52756,6,0,6,1.0,0.0,1.0,fn
sr_59139,24,0,22,0.9166666666666666,0.0,0.9166666666666666,fn
sr_3983,9,0,8,0.8888888888888888,0.0,0.8888888888888888,fn
sr_25733,23,0,20,0.8695652173913043,0.0,0.8695652173913043,fn
sr_5166,42,0,36,0.8571428571428571,0.0,0.8571428571428571,fn
sr_43872,7,0,6,0.8571428571428571,0.0,0.8571428571428571,fn
sr_44120,12,0,10,0.8333333333333334,0.0,0.8333333333333334,fn
sr_28808,6,0,5,0.8333333333333334,0.0,0.8333333333333334,fn
sr_34662,6,1,5,1.0,0.16666666666666666,0.8333333333333334,fn
sr_35686,6,0,5,0.8333333333333334,0.0,0.8333333333333334,fn
sr_40210,6,0,5,0.8333333333333334,0.0,0.8333333333333334,fn
sr_4582,6,0,5,0.8333333333333334,0.0,0.8333333333333334,fn
sr_5032,17,0,14,0.8235294117647058,0.0,0.8235294117647058,fn
sr_30371,186,0,149,0.8010752688172043,0.0,0.8010752688172043,fn
sr_10242,10,0,8,0.8,0.0,0.8,fn
sr_23117,5,0,4,0.8,0.0,0.8,fn
sr_39641,5,0,4,0.8,0.0,0.8,fn
