source_subreddit_norm,n,fp,fn,error_rate,fp_rate,fn_rate,kind
sr_40921,7,6,0,0.8571428571428571,0.8571428571428571,0.0,fp
sr_11503,7,5,0,0.7142857142857143,0.7142857142857143,0.0,fp
sr_51748,7,5,0,0.7142857142857143,0.7142857142857143,0.0,fp
sr_45370,12,8,2,0.8333333333333334,0.6666666666666666,0.16666666666666666,fp
sr_50843,26,17,0,0.6538461538461539,0.6538461538461539,0.0,fp
sr_12426,5,3,0,0.6,0.6,0.0,fp
sr_19099,5,3,0,0.6,0.6,0.0,fp
sr_24097,5,3,0,0.6,0.6,0.0,fp
sr_28175,5,3,0,0.6,0.6,0.0,fp
sr_29282,5,3,0,0.6,0.6,0.0,fp
sr_30541,5,3,0,0.6,0.6,0.0,fp
sr_4134,12,7,0,0.5833333333333334,0.5833333333333334,0.0,fp
sr_7923,20,11,0,0.55,0.55,0.0,fp
sr_12525,17,9,0,0.5294117647058824,0.5294117647058824,0.0,fp
sr_42873,19,10,0,0.5263157894736842,0.5263157894736842,0.0,fp
sr_42999,18,9,3,0.6666666666666666,0.5,0.16666666666666666,fp
sr_18754,6,3,0,0.5,0.5,0.0,fp
sr_18992,6,3,0,0.5,0.5,0.0,fp
sr_20427,6,3,0,0.5,0.5,0.0,fp
sr_43534,6,3,0,0.5,0.5,0.0,fp
sr_59139,24,0,24,1.0,0.0,1.0,fn
sr_33899,14,0,14,1.0,0.0,1.0,fn
sr_31228,9,0,9,1.0,0.0,1.0,fn
sr_55264,9,0,9,1.0,0.0,1.0,fn
sr_19330,8,0,8,1.0,0.0,1.0,fn
sr_24129,8,0,8,1.0,0.0,1.0,fn
sr_14849,7,0,7,1.0,0.0,1.0,fn
sr_22264,7,0,7,1.0,0.0,1.0,fn
sr_55939,7,0,7,1.0,0.0,1.0,fn
sr_66273,7,0,7,1.0,0.0,1.0,fn
sr_14107,6,0,6,1.0,0.0,1.0,fn
sr_21008,6,0,6,1.0,0.0,1.0,fn
sr_35609,6,0,6,1.0,0.0,1.0,fn
sr_37649,6,0,6,1.0,0.0,1.0,fn
sr_40545,6,0,6,1.0,0.0,1.0,fn
sr_42518,6,0,6,1.0,0.0,1.0,fn
sr_5254,6,0,6,1.0,0.0,1.0,fn
sr_8075,6,0,6,1.0,0.0,1.0,fn
sr_10274,5,0,5,1.0,0.0,1.0,fn
sr_20956,5,0,5,1.0,0.0,1.0,fn
