source_subreddit_norm,n,fp,fn,error_rate,fp_rate,fn_rate,kind
sr_45370,12,8,0,0.6666666666666666,0.6666666666666666,0.0,fp
sr_51748,7,4,0,0.5714285714285714,0.5714285714285714,0.0,fp
sr_18992,6,3,0,0.5,0.5,0.0,fp
sr_27648,7,3,0,0.42857142857142855,0.42857142857142855,0.0,fp
sr_32481,7,3,0,0.42857142857142855,0.42857142857142855,0.0,fp
sr_3997,7,3,2,0.7142857142857143,0.42857142857142855,0.2857142857142857,fp
sr_8023,7,3,0,0.42857142857142855,0.42857142857142855,0.0,fp
sr_42873,19,8,1,0.47368421052631576,0.42105263157894735,0.05263157894736842,fp
sr_24097,5,2,1,0.6,0.4,0.2,fp
sr_34920,5,2,0,0.4,0.4,0.0,fp
sr_40091,5,2,0,0.4,0.4,0.0,fp
sr_46683,5,2,1,0.6,0.4,0.2,fp
sr_48000,5,2,0,0.4,0.4,0.0,fp
sr_48396,5,2,0,0.4,0.4,0.0,fp
sr_51902,5,2,0,0.4,0.4,0.0,fp
sr_5863,5,2,0,0.4,0.4,0.0,fp
sr_49131,11,4,0,0.36363636363636365,0.36363636363636365,0.0,fp
sr_66496,11,4,0,0.36363636363636365,0.36363636363636365,0.0,fp
sr_12525,17,6,0,0.35294117647058826,0.35294117647058826,0.0,fp
sr_32958,12,4,0,0.3333333333333333,0.3333333333333333,0.0,fp
sr_61178,50,0,50,1.0,0.0,1.0,fn
sr_39184,9,0,9,1.0,0.0,1.0,fn
sr_62148,7,0,7,1.0,0.0,1.0,fn
sr_58294,6,0,6,1.0,0.0,1.0,fn
sr_45315,5,0,5,1.0,0.0,1.0,fn
sr_40976,20,0,18,0.9,0.0,0.9,fn
sr_25733,23,0,20,0.8695652173913043,0.0,0.8695652173913043,fn
sr_60623,7,0,6,0.8571428571428571,0.0,0.8571428571428571,fn
sr_34662,6,1,5,1.0,0.16666666666666666,0.8333333333333334,fn
sr_39345,6,0,5,0.8333333333333334,0.0,0.8333333333333334,fn
sr_4582,6,0,5,0.8333333333333334,0.0,0.8333333333333334,fn
sr_57304,10,0,8,0.8,0.0,0.8,fn
sr_17599,5,0,4,0.8,0.0,0.8,fn
sr_23117,5,0,4,0.8,0.0,0.8,fn
sr_39641,5,0,4,0.8,0.0,0.8,fn
sr_40391,5,0,4,0.8,0.0,0.8,fn
sr_54274,5,0,4,0.8,0.0,0.8,fn
sr_54900,5,0,4,0.8,0.0,0.8,fn
sr_61603,5,0,4,0.8,0.0,0.8,fn
sr_22164,77,0,61,0.7922077922077922,0.0,0.7922077922077922,fn
