source_subreddit_norm,n,fp,fn,error_rate,fp_rate,fn_rate,kind
sr_40921,7,6,0,0.8571428571428571,0.8571428571428571,0.0,fp
sr_51748,7,6,0,0.8571428571428571,0.8571428571428571,0.0,fp
sr_11503,7,5,0,0.7142857142857143,0.7142857142857143,0.0,fp
sr_45370,12,8,0,0.6666666666666666,0.6666666666666666,0.0,fp
sr_50843,26,17,0,0.6538461538461539,0.6538461538461539,0.0,fp
sr_19099,5,3,0,0.6,0.6,0.0,fp
sr_24097,5,3,0,0.6,0.6,0.0,fp
sr_28175,5,3,0,0.6,0.6,0.0,fp
sr_29282,5,3,0,0.6,0.6,0.0,fp
sr_4134,12,7,0,0.5833333333333334,0.5833333333333334,0.0,fp
sr_7923,20,11,1,0.6,0.55,0.05,fp
sr_42873,19,10,0,0.5263157894736842,0.5263157894736842,0.0,fp
sr_18754,6,3,0,0.5,0.5,0.0,fp
sr_18992,6,3,0,0.5,0.5,0.0,fp
sr_20427,6,3,0,0.5,0.5,0.0,fp
sr_43534,6,3,0,0.5,0.5,0.0,fp
sr_12525,17,8,0,0.47058823529411764,0.47058823529411764,0.0,fp
sr_21659,17,8,0,0.47058823529411764,0.47058823529411764,0.0,fp
sr_37919,24,11,0,0.4583333333333333,0.4583333333333333,0.0,fp
sr_57462,11,5,0,0.45454545454545453,0.45454545454545453,0.0,fp
sr_18826,24,0,24,1.0,0.0,1.0,fn
sr_8100,22,0,22,1.0,0.0,1.0,fn
sr_52866,15,0,15,1.0,0.0,1.0,fn
sr_46204,14,0,14,1.0,0.0,1.0,fn
sr_7639,14,0,14,1.0,0.0,1.0,fn
sr_919,14,0,14,1.0,0.0,1.0,fn
sr_5513,11,0,11,1.0,0.0,1.0,fn
sr_28620,10,0,10,1.0,0.0,1.0,fn
sr_44558,10,0,10,1.0,0.0,1.0,fn
sr_56255,10,0,10,1.0,0.0,1.0,fn
sr_60625,10,0,10,1.0,0.0,1.0,fn
sr_15902,9,0,9,1.0,0.0,1.0,fn
sr_25283,9,0,9,1.0,0.0,1.0,fn
sr_737,9,0,9,1.0,0.0,1.0,fn
sr_1331,8,0,8,1.0,0.0,1.0,fn
sr_19330,8,0,8,1.0,0.0,1.0,fn
sr_24129,8,0,8,1.0,0.0,1.0,fn
sr_31,8,0,8,1.0,0.0,1.0,fn
sr_38515,8,0,8,1.0,0.0,1.0,fn
sr_39016,8,0,8,1.0,0.0,1.0,fn
