source_subreddit_norm,n,fp,fn,error_rate,fp_rate,fn_rate,kind
sr_12426,5,3,0,0.6,0.6,0.0,fp
sr_19099,5,3,0,0.6,0.6,0.0,fp
sr_24097,5,3,0,0.6,0.6,0.0,fp
sr_43534,6,3,0,0.5,0.5,0.0,fp
sr_42873,19,9,0,0.47368421052631576,0.47368421052631576,0.0,fp
sr_27648,7,3,0,0.42857142857142855,0.42857142857142855,0.0,fp
sr_32481,7,3,0,0.42857142857142855,0.42857142857142855,0.0,fp
sr_3997,7,3,1,0.5714285714285714,0.42857142857142855,0.14285714285714285,fp
sr_51748,7,3,0,0.42857142857142855,0.42857142857142855,0.0,fp
sr_14581,5,2,0,0.4,0.4,0.0,fp
sr_22226,5,2,0,0.4,0.4,0.0,fp
sr_25425,5,2,0,0.4,0.4,0.0,fp
sr_32237,5,2,0,0.4,0.4,0.0,fp
sr_38452,5,2,0,0.4,0.4,0.0,fp
sr_46683,5,2,1,0.6,0.4,0.2,fp
sr_48000,5,2,0,0.4,0.4,0.0,fp
sr_48396,5,2,0,0.4,0.4,0.0,fp
sr_5863,5,2,0,0.4,0.4,0.0,fp
sr_50843,26,10,5,0.5769230769230769,0.38461538461538464,0.19230769230769232,fp
sr_49131,11,4,0,0.36363636363636365,0.36363636363636365,0.0,fp
sr_46991,38,0,38,1.0,0.0,1.0,fn
sr_27634,19,0,19,1.0,0.0,1.0,fn
sr_1199,11,0,11,1.0,0.0,1.0,fn
sr_34186,11,0,11,1.0,0.0,1.0,fn
sr_18680,10,0,10,1.0,0.0,1.0,fn
sr_1879,10,0,10,1.0,0.0,1.0,fn
sr_45046,9,0,9,1.0,0.0,1.0,fn
sr_58298,7,0,7,1.0,0.0,1.0,fn
sr_16773,6,0,6,1.0,0.0,1.0,fn
sr_30226,6,0,6,1.0,0.0,1.0,fn
sr_23710,5,0,5,1.0,0.0,1.0,fn
sr_48481,13,0,12,0.9230769230769231,0.0,0.9230769230769231,fn
sr_48988,50,0,46,0.92,0.0,0.92,fn
sr_45829,33,0,29,0.8787878787878788,0.0,0.8787878787878788,fn
sr_20291,8,0,7,0.875,0.0,0.875,fn
sr_28530,8,0,7,0.875,0.0,0.875,fn
sr_63251,13,0,11,0.8461538461538461,0.0,0.8461538461538461,fn
sr_12515,6,0,5,0.8333333333333334,0.0,0.8333333333333334,fn
sr_34662,6,1,5,1.0,0.16666666666666666,0.8333333333333334,fn
sr_4582,6,0,5,0.8333333333333334,0.0,0.8333333333333334,fn
