source_subreddit_norm,n,fp,fn,error_rate,fp_rate,fn_rate,kind
sr_51748,7,5,0,0.7142857142857143,0.7142857142857143,0.0,fp
sr_45370,12,8,0,0.6666666666666666,0.6666666666666666,0.0,fp
sr_24097,5,3,0,0.6,0.6,0.0,fp
sr_29282,5,3,0,0.6,0.6,0.0,fp
sr_12525,17,9,0,0.5294117647058824,0.5294117647058824,0.0,fp
sr_7923,20,10,0,0.5,0.5,0.0,fp
sr_42999,18,9,1,0.5555555555555556,0.5,0.05555555555555555,fp
sr_18992,6,3,0,0.5,0.5,0.0,fp
sr_20427,6,3,0,0.5,0.5,0.0,fp
sr_43534,6,3,0,0.5,0.5,0.0,fp
sr_50843,26,12,1,0.5,0.46153846153846156,0.038461538461538464,fp
sr_22436,9,4,0,0.4444444444444444,0.4444444444444444,0.0,fp
sr_27648,7,3,0,0.42857142857142855,0.42857142857142855,0.0,fp
sr_32481,7,3,0,0.42857142857142855,0.42857142857142855,0.0,fp
sr_3997,7,3,1,0.5714285714285714,0.42857142857142855,0.14285714285714285,fp
sr_40921,7,3,0,0.42857142857142855,0.42857142857142855,0.0,fp
sr_8023,7,3,0,0.42857142857142855,0.42857142857142855,0.0,fp
sr_42873,19,8,1,0.47368421052631576,0.42105263157894735,0.05263157894736842,fp
sr_32958,12,5,0,0.4166666666666667,0.4166666666666667,0.0,fp
sr_44358,10,4,0,0.4,0.4,0.0,fp
sr_34186,11,0,11,1.0,0.0,1.0,fn
sr_4056,8,0,8,1.0,0.0,1.0,fn
sr_9193,8,0,8,1.0,0.0,1.0,fn
sr_20700,7,0,7,1.0,0.0,1.0,fn
sr_12515,6,0,6,1.0,0.0,1.0,fn
sr_16773,6,0,6,1.0,0.0,1.0,fn
sr_14172,5,0,5,1.0,0.0,1.0,fn
sr_61397,5,0,5,1.0,0.0,1.0,fn
sr_4003,29,1,27,0.9655172413793104,0.034482758620689655,0.9310344827586207,fn
sr_1562,25,0,23,0.92,0.0,0.92,fn
sr_52811,21,0,19,0.9047619047619048,0.0,0.9047619047619048,fn
sr_40215,20,0,18,0.9,0.0,0.9,fn
sr_18680,10,0,9,0.9,0.0,0.9,fn
sr_9375,10,0,9,0.9,0.0,0.9,fn
sr_47610,19,1,17,0.9473684210526315,0.05263157894736842,0.8947368421052632,fn
sr_56724,9,0,8,0.8888888888888888,0.0,0.8888888888888888,fn
sr_12508,62,0,55,0.8870967741935484,0.0,0.8870967741935484,fn
sr_42338,58,0,51,0.8793103448275862,0.0,0.8793103448275862,fn
sr_35476,8,0,7,0.875,0.0,0.875,fn
sr_5166,42,0,36,0.8571428571428571,0.0,0.8571428571428571,fn
