source_subreddit_norm,n,fp,fn,error_rate,fp_rate,fn_rate,kind
sr_45370,12,8,1,0.75,0.6666666666666666,0.08333333333333333,fp
sr_24097,5,3,0,0.6,0.6,0.0,fp
sr_43534,6,3,1,0.6666666666666666,0.5,0.16666666666666666,fp
sr_8023,7,3,2,0.7142857142857143,0.42857142857142855,0.2857142857142857,fp
sr_42873,19,8,3,0.5789473684210527,0.42105263157894735,0.15789473684210525,fp
sr_14581,5,2,1,0.6,0.4,0.2,fp
sr_29282,5,2,1,0.6,0.4,0.2,fp
sr_34920,5,2,0,0.4,0.4,0.0,fp
sr_60093,5,2,0,0.4,0.4,0.0,fp
sr_49131,11,4,0,0.36363636363636365,0.36363636363636365,0.0,fp
sr_22436,9,3,1,0.4444444444444444,0.3333333333333333,0.1111111111111111,fp
sr_25638,6,2,1,0.5,0.3333333333333333,0.16666666666666666,fp
sr_32185,6,2,0,0.3333333333333333,0.3333333333333333,0.0,fp
sr_35569,6,2,0,0.3333333333333333,0.3333333333333333,0.0,fp
sr_11503,7,2,2,0.5714285714285714,0.2857142857142857,0.2857142857142857,fp
sr_32481,7,2,0,0.2857142857142857,0.2857142857142857,0.0,fp
sr_56685,7,2,0,0.2857142857142857,0.2857142857142857,0.0,fp
sr_6080,7,2,1,0.42857142857142855,0.2857142857142857,0.14285714285714285,fp
sr_30556,8,2,0,0.25,0.25,0.0,fp
sr_32697,8,2,0,0.25,0.25,0.0,fp
sr_60805,54,0,54,1.0,0.0,1.0,fn
sr_46999,33,0,33,1.0,0.0,1.0,fn
sr_4069,18,0,18,1.0,0.0,1.0,fn
sr_24116,16,0,16,1.0,0.0,1.0,fn
sr_56204,15,0,15,1.0,0.0,1.0,fn
sr_39441,13,0,13,1.0,0.0,1.0,fn
sr_10036,11,0,11,1.0,0.0,1.0,fn
sr_24877,11,0,11,1.0,0.0,1.0,fn
sr_42213,11,0,11,1.0,0.0,1.0,fn
sr_18680,10,0,10,1.0,0.0,1.0,fn
sr_44558,10,0,10,1.0,0.0,1.0,fn
sr_57304,10,0,10,1.0,0.0,1.0,fn
sr_25283,9,0,9,1.0,0.0,1.0,fn
sr_28505,8,0,8,1.0,0.0,1.0,fn
sr_28530,8,0,8,1.0,0.0,1.0,fn
sr_31,8,0,8,1.0,0.0,1.0,fn
sr_33452,8,0,8,1.0,0.0,1.0,fn
sr_51353,8,0,8,1.0,0.0,1.0,fn
sr_52940,8,0,8,1.0,0.0,1.0,fn
sr_18678,7,0,7,1.0,0.0,1.0,fn
