source_subreddit_norm,n,fp,fn,error_rate,fp_rate,fn_rate,kind
sr_45370,12,7,0,0.5833333333333334,0.5833333333333334,0.0,fp
sr_51748,7,4,1,0.7142857142857143,0.5714285714285714,0.14285714285714285,fp
sr_42873,19,9,1,0.5263157894736842,0.47368421052631576,0.05263157894736842,fp
sr_3997,7,3,1,0.5714285714285714,0.42857142857142855,0.14285714285714285,fp
sr_24097,5,2,1,0.6,0.4,0.2,fp
sr_32237,5,2,0,0.4,0.4,0.0,fp
sr_46683,5,2,1,0.6,0.4,0.2,fp
sr_48396,5,2,0,0.4,0.4,0.0,fp
sr_5863,5,2,0,0.4,0.4,0.0,fp
sr_64097,5,2,0,0.4,0.4,0.0,fp
sr_49131,11,4,0,0.36363636363636365,0.36363636363636365,0.0,fp
sr_55682,41,14,1,0.36585365853658536,0.34146341463414637,0.024390243902439025,fp
sr_22436,9,3,1,0.4444444444444444,0.3333333333333333,0.1111111111111111,fp
sr_30759,6,2,0,0.3333333333333333,0.3333333333333333,0.0,fp
sr_32185,6,2,0,0.3333333333333333,0.3333333333333333,0.0,fp
sr_4045,6,2,0,0.3333333333333333,0.3333333333333333,0.0,fp
sr_62416,6,2,0,0.3333333333333333,0.3333333333333333,0.0,fp
sr_18990,16,5,3,0.5,0.3125,0.1875,fp
sr_12525,17,5,0,0.29411764705882354,0.29411764705882354,0.0,fp
sr_1980,7,2,0,0.2857142857142857,0.2857142857142857,0.0,fp
sr_54673,59,0,59,1.0,0.0,1.0,fn
sr_48988,50,0,50,1.0,0.0,1.0,fn
sr_61178,50,0,50,1.0,0.0,1.0,fn
sr_46991,38,0,38,1.0,0.0,1.0,fn
sr_40848,37,0,37,1.0,0.0,1.0,fn
sr_46999,33,0,33,1.0,0.0,1.0,fn
sr_24800,26,0,26,1.0,0.0,1.0,fn
sr_10264,23,0,23,1.0,0.0,1.0,fn
sr_27634,19,0,19,1.0,0.0,1.0,fn
sr_56204,15,0,15,1.0,0.0,1.0,fn
sr_29231,14,0,14,1.0,0.0,1.0,fn
sr_3685,14,0,14,1.0,0.0,1.0,fn
sr_46204,14,0,14,1.0,0.0,1.0,fn
sr_11887,13,0,13,1.0,0.0,1.0,fn
sr_24808,13,0,13,1.0,0.0,1.0,fn
sr_39441,13,0,13,1.0,0.0,1.0,fn
sr_56250,11,0,11,1.0,0.0,1.0,fn
sr_1182,10,0,10,1.0,0.0,1.0,fn
sr_15554,10,0,10,1.0,0.0,1.0,fn
sr_1879,10,0,10,1.0,0.0,1.0,fn
