source_subreddit_norm,n,fp,fn,error_rate,fp_rate,fn_rate,kind
sr_45370,12,8,1,0.75,0.6666666666666666,0.08333333333333333,fp
sr_19099,5,3,0,0.6,0.6,0.0,fp
sr_24097,5,3,0,0.6,0.6,0.0,fp
sr_43534,6,3,0,0.5,0.5,0.0,fp
sr_42873,19,9,1,0.5263157894736842,0.47368421052631576,0.05263157894736842,fp
sr_55624,184,83,0,0.45108695652173914,0.45108695652173914,0.0,fp
sr_27648,7,3,0,0.42857142857142855,0.42857142857142855,0.0,fp
sr_3997,7,3,1,0.5714285714285714,0.42857142857142855,0.14285714285714285,fp
sr_51748,7,3,0,0.42857142857142855,0.42857142857142855,0.0,fp
sr_8023,7,3,1,0.5714285714285714,0.42857142857142855,0.14285714285714285,fp
sr_12426,5,2,0,0.4,0.4,0.0,fp
sr_22226,5,2,0,0.4,0.4,0.0,fp
sr_25425,5,2,0,0.4,0.4,0.0,fp
sr_38452,5,2,0,0.4,0.4,0.0,fp
sr_40091,5,2,1,0.6,0.4,0.2,fp
sr_46683,5,2,1,0.6,0.4,0.2,fp
sr_48000,5,2,0,0.4,0.4,0.0,fp
sr_48396,5,2,0,0.4,0.4,0.0,fp
sr_5863,5,2,0,0.4,0.4,0.0,fp
sr_64097,5,2,1,0.6,0.4,0.2,fp
sr_25733,23,0,20,0.8695652173913043,0.0,0.8695652173913043,fn
sr_45829,33,0,28,0.8484848484848485,0.0,0.8484848484848485,fn
sr_65008,6,0,5,0.8333333333333334,0.0,0.8333333333333334,fn
sr_22164,77,0,62,0.8051948051948052,0.0,0.8051948051948052,fn
sr_16464,5,0,4,0.8,0.0,0.8,fn
sr_9253,5,0,4,0.8,0.0,0.8,fn
sr_17849,9,1,7,0.8888888888888888,0.1111111111111111,0.7777777777777778,fn
sr_19995,16,0,12,0.75,0.0,0.75,fn
sr_5032,17,0,12,0.7058823529411765,0.0,0.7058823529411765,fn
sr_30310,12,0,8,0.6666666666666666,0.0,0.6666666666666666,fn
sr_34662,6,1,4,0.8333333333333334,0.16666666666666666,0.6666666666666666,fn
sr_44582,6,0,4,0.6666666666666666,0.0,0.6666666666666666,fn
sr_46701,6,0,4,0.6666666666666666,0.0,0.6666666666666666,fn
sr_48339,6,0,4,0.6666666666666666,0.0,0.6666666666666666,fn
sr_47610,19,1,12,0.6842105263157895,0.05263157894736842,0.631578947368421,fn
sr_26529,8,0,5,0.625,0.0,0.625,fn
sr_33060,8,0,5,0.625,0.0,0.625,fn
sr_64706,8,1,5,0.75,0.125,0.625,fn
sr_10242,10,0,6,0.6,0.0,0.6,fn
sr_58917,10,0,6,0.6,0.0,0.6,fn
