source_subreddit_norm,n,fp,fn,error_rate,fp_rate,fn_rate,kind
sr_51748,7,6,0,0.8571428571428571,0.8571428571428571,0.0,fp
sr_12426,5,4,0,0.8,0.8,0.0,fp
sr_19099,5,3,0,0.6,0.6,0.0,fp
sr_24097,5,3,0,0.6,0.6,0.0,fp
sr_45370,12,7,0,0.5833333333333334,0.5833333333333334,0.0,fp
sr_43534,6,3,0,0.5,0.5,0.0,fp
sr_42873,19,9,0,0.47368421052631576,0.47368421052631576,0.0,fp
sr_55624,184,83,7,0.4891304347826087,0.45108695652173914,0.03804347826086957,fp
sr_27648,7,3,0,0.42857142857142855,0.42857142857142855,0.0,fp
sr_32481,7,3,1,0.5714285714285714,0.42857142857142855,0.14285714285714285,fp
sr_3997,7,3,1,0.5714285714285714,0.42857142857142855,0.14285714285714285,fp
sr_50843,26,11,5,0.6153846153846154,0.4230769230769231,0.19230769230769232,fp
sr_14581,5,2,1,0.6,0.4,0.2,fp
sr_22226,5,2,0,0.4,0.4,0.0,fp
sr_25425,5,2,0,0.4,0.4,0.0,fp
sr_32237,5,2,0,0.4,0.4,0.0,fp
sr_46683,5,2,1,0.6,0.4,0.2,fp
sr_48000,5,2,0,0.4,0.4,0.0,fp
sr_48396,5,2,0,0.4,0.4,0.0,fp
sr_5086,5,2,0,0.4,0.4,0.0,fp
sr_46991,38,0,38,1.0,0.0,1.0,fn
sr_27634,19,0,19,1.0,0.0,1.0,fn
sr_1199,11,0,11,1.0,0.0,1.0,fn
sr_1879,10,0,10,1.0,0.0,1.0,fn
sr_45046,9,0,9,1.0,0.0,1.0,fn
sr_58298,7,0,7,1.0,0.0,1.0,fn
sr_16773,6,0,6,1.0,0.0,1.0,fn
sr_30226,6,0,6,1.0,0.0,1.0,fn
sr_23710,5,0,5,1.0,0.0,1.0,fn
sr_47901,16,0,14,0.875,0.0,0.875,fn
sr_28530,8,0,7,0.875,0.0,0.875,fn
sr_48988,50,0,43,0.86,0.0,0.86,fn
sr_25124,7,0,6,0.8571428571428571,0.0,0.8571428571428571,fn
sr_48339,6,0,5,0.8333333333333334,0.0,0.8333333333333334,fn
sr_2512,29,0,24,0.8275862068965517,0.0,0.8275862068965517,fn
sr_45829,33,0,27,0.8181818181818182,0.0,0.8181818181818182,fn
sr_18680,10,0,8,0.8,0.0,0.8,fn
sr_61012,5,0,4,0.8,0.0,0.8,fn
sr_66117,5,0,4,0.8,0.0,0.8,fn
sr_9253,5,0,4,0.8,0.0,0.8,fn
