source_subreddit_norm,n,fp,fn,error_rate,fp_rate,fn_rate,kind
sr_19099,5,3,0,0.6,0.6,0.0,fp
sr_24097,5,3,0,0.6,0.6,0.0,fp
sr_45370,12,7,0,0.5833333333333334,0.5833333333333334,0.0,fp
sr_43534,6,3,0,0.5,0.5,0.0,fp
sr_42873,19,9,1,0.5263157894736842,0.47368421052631576,0.05263157894736842,fp
sr_3997,7,3,1,0.5714285714285714,0.42857142857142855,0.14285714285714285,fp
sr_51748,7,3,0,0.42857142857142855,0.42857142857142855,0.0,fp
sr_14581,5,2,1,0.6,0.4,0.2,fp
sr_22226,5,2,0,0.4,0.4,0.0,fp
sr_46683,5,2,1,0.6,0.4,0.2,fp
sr_48000,5,2,0,0.4,0.4,0.0,fp
sr_48396,5,2,0,0.4,0.4,0.0,fp
sr_5863,5,2,0,0.4,0.4,0.0,fp
sr_49131,11,4,0,0.36363636363636365,0.36363636363636365,0.0,fp
sr_50843,26,9,5,0.5384615384615384,0.34615384615384615,0.19230769230769232,fp
sr_55682,41,14,1,0.36585365853658536,0.34146341463414637,0.024390243902439025,fp
sr_55624,184,62,67,0.7010869565217391,0.33695652173913043,0.3641304347826087,fp
sr_62577,21,7,8,0.7142857142857143,0.3333333333333333,0.38095238095238093,fp
sr_22436,9,3,0,0.3333333333333333,0.3333333333333333,0.0,fp
sr_25638,6,2,0,0.3333333333333333,0.3333333333333333,0.0,fp
sr_46991,38,0,38,1.0,0.0,1.0,fn
sr_46999,33,0,33,1.0,0.0,1.0,fn
sr_27634,19,0,19,1.0,0.0,1.0,fn
sr_48481,13,0,13,1.0,0.0,1.0,fn
sr_1879,10,0,10,1.0,0.0,1.0,fn
sr_40063,10,0,10,1.0,0.0,1.0,fn
sr_45046,9,0,9,1.0,0.0,1.0,fn
sr_20291,8,0,8,1.0,0.0,1.0,fn
sr_28530,8,0,8,1.0,0.0,1.0,fn
sr_58298,7,0,7,1.0,0.0,1.0,fn
sr_16773,6,0,6,1.0,0.0,1.0,fn
sr_24839,6,0,6,1.0,0.0,1.0,fn
sr_58294,6,0,6,1.0,0.0,1.0,fn
sr_18426,5,0,5,1.0,0.0,1.0,fn
sr_23710,5,0,5,1.0,0.0,1.0,fn
sr_66024,5,0,5,1.0,0.0,1.0,fn
sr_66117,5,0,5,1.0,0.0,1.0,fn
sr_39441,13,0,12,0.9230769230769231,0.0,0.9230769230769231,fn
sr_63251,13,0,12,0.9230769230769231,0.0,0.9230769230769231,fn
sr_2512,29,0,26,0.896551724137931,0.0,0.896551724137931,fn
