source_subreddit_norm,n,fp,fn,error_rate,fp_rate,fn_rate,kind
sr_51748,7,5,0,0.7142857142857143,0.7142857142857143,0.0,fp
sr_30541,5,3,0,0.6,0.6,0.0,fp
sr_18754,6,3,0,0.5,0.5,0.0,fp
sr_20427,6,3,1,0.6666666666666666,0.5,0.16666666666666666,fp
sr_6908,6,3,0,0.5,0.5,0.0,fp
sr_32481,7,3,1,0.5714285714285714,0.42857142857142855,0.14285714285714285,fp
sr_51723,7,3,2,0.7142857142857143,0.42857142857142855,0.2857142857142857,fp
sr_51708,37,15,0,0.40540540540540543,0.40540540540540543,0.0,fp
sr_44358,10,4,0,0.4,0.4,0.0,fp
sr_24097,5,2,2,0.8,0.4,0.4,fp
sr_64921,5,2,0,0.4,0.4,0.0,fp
sr_66496,11,4,4,0.7272727272727273,0.36363636363636365,0.36363636363636365,fp
sr_22131,9,3,0,0.3333333333333333,0.3333333333333333,0.0,fp
sr_18992,6,2,1,0.5,0.3333333333333333,0.16666666666666666,fp
sr_2627,6,2,3,0.8333333333333334,0.3333333333333333,0.5,fp
sr_45445,6,2,0,0.3333333333333333,0.3333333333333333,0.0,fp
sr_27429,7,2,1,0.42857142857142855,0.2857142857142857,0.14285714285714285,fp
sr_51102,11,3,3,0.5454545454545454,0.2727272727272727,0.2727272727272727,fp
sr_53386,12,3,0,0.25,0.25,0.0,fp
sr_30556,8,2,1,0.375,0.25,0.125,fp
sr_33453,132,0,132,1.0,0.0,1.0,fn
sr_8531,112,0,112,1.0,0.0,1.0,fn
sr_7491,109,0,109,1.0,0.0,1.0,fn
sr_17432,106,0,106,1.0,0.0,1.0,fn
sr_47061,101,0,101,1.0,0.0,1.0,fn
sr_36984,89,0,89,1.0,0.0,1.0,fn
sr_35076,74,0,74,1.0,0.0,1.0,fn
sr_405,64,0,64,1.0,0.0,1.0,fn
sr_49293,61,0,61,1.0,0.0,1.0,fn
sr_51821,60,0,60,1.0,0.0,1.0,fn
sr_54673,59,0,59,1.0,0.0,1.0,fn
sr_26586,56,0,56,1.0,0.0,1.0,fn
sr_12309,55,0,55,1.0,0.0,1.0,fn
sr_20622,54,0,54,1.0,0.0,1.0,fn
sr_60805,54,0,54,1.0,0.0,1.0,fn
sr_29862,52,0,52,1.0,0.0,1.0,fn
sr_21311,50,0,50,1.0,0.0,1.0,fn
sr_26090,49,0,49,1.0,0.0,1.0,fn
sr_13348,47,0,47,1.0,0.0,1.0,fn
sr_39466,46,0,46,1.0,0.0,1.0,fn
