source_subreddit_norm,n,fp,fn,error_rate,fp_rate,fn_rate,kind
sr_51748,7,6,0,0.8571428571428571,0.8571428571428571,0.0,fp
sr_40921,7,5,0,0.7142857142857143,0.7142857142857143,0.0,fp
sr_45370,12,8,0,0.6666666666666666,0.6666666666666666,0.0,fp
sr_19099,5,3,0,0.6,0.6,0.0,fp
sr_24097,5,3,0,0.6,0.6,0.0,fp
sr_28175,5,3,0,0.6,0.6,0.0,fp
sr_29282,5,3,0,0.6,0.6,0.0,fp
sr_30541,5,3,1,0.8,0.6,0.2,fp
sr_4134,12,7,0,0.5833333333333334,0.5833333333333334,0.0,fp
sr_7923,20,11,1,0.6,0.55,0.05,fp
sr_12525,17,9,0,0.5294117647058824,0.5294117647058824,0.0,fp
sr_50843,26,13,1,0.5384615384615384,0.5,0.038461538461538464,fp
sr_42999,18,9,0,0.5,0.5,0.0,fp
sr_20427,6,3,0,0.5,0.5,0.0,fp
sr_43534,6,3,0,0.5,0.5,0.0,fp
sr_64416,6,3,0,0.5,0.5,0.0,fp
sr_6908,6,3,0,0.5,0.5,0.0,fp
sr_42873,19,9,1,0.5263157894736842,0.47368421052631576,0.05263157894736842,fp
sr_57462,11,5,1,0.5454545454545454,0.45454545454545453,0.09090909090909091,fp
sr_55624,184,83,0,0.45108695652173914,0.45108695652173914,0.0,fp
sr_60805,54,0,54,1.0,0.0,1.0,fn
sr_838,12,0,12,1.0,0.0,1.0,fn
sr_51353,8,0,8,1.0,0.0,1.0,fn
sr_43485,7,0,7,1.0,0.0,1.0,fn
sr_3938,6,0,6,1.0,0.0,1.0,fn
sr_52756,6,0,6,1.0,0.0,1.0,fn
sr_55930,6,0,6,1.0,0.0,1.0,fn
sr_19777,5,0,5,1.0,0.0,1.0,fn
sr_2825,5,0,5,1.0,0.0,1.0,fn
sr_44808,5,0,5,1.0,0.0,1.0,fn
sr_56322,5,0,5,1.0,0.0,1.0,fn
sr_28052,28,0,26,0.9285714285714286,0.0,0.9285714285714286,fn
sr_40064,40,0,37,0.925,0.0,0.925,fn
sr_59139,24,0,22,0.9166666666666666,0.0,0.9166666666666666,fn
sr_16931,12,1,11,1.0,0.08333333333333333,0.9166666666666666,fn
sr_19816,10,0,9,0.9,0.0,0.9,fn
sr_4039,10,0,9,0.9,0.0,0.9,fn
sr_19334,68,1,61,0.9117647058823529,0.014705882352941176,0.8970588235294118,fn
sr_22552,19,0,17,0.8947368421052632,0.0,0.8947368421052632,fn
sr_4069,18,0,16,0.8888888888888888,0.0,0.8888888888888888,fn
