source_subreddit_norm,n,fp,fn,error_rate,fp_rate,fn_rate,kind
sr_12426,5,3,0,0.6,0.6,0.0,fp
sr_12525,17,9,1,0.5882352941176471,0.5294117647058824,0.058823529411764705,fp
sr_22436,9,4,0,0.4444444444444444,0.4444444444444444,0.0,fp
sr_27648,7,3,1,0.5714285714285714,0.42857142857142855,0.14285714285714285,fp
sr_8023,7,3,0,0.42857142857142855,0.42857142857142855,0.0,fp
sr_26273,5,2,0,0.4,0.4,0.0,fp
sr_3032,5,2,0,0.4,0.4,0.0,fp
sr_34920,5,2,0,0.4,0.4,0.0,fp
sr_38452,5,2,0,0.4,0.4,0.0,fp
sr_40091,5,2,0,0.4,0.4,0.0,fp
sr_46683,5,2,0,0.4,0.4,0.0,fp
sr_48000,5,2,0,0.4,0.4,0.0,fp
sr_49882,5,2,0,0.4,0.4,0.0,fp
sr_51713,5,2,0,0.4,0.4,0.0,fp
sr_53508,5,2,0,0.4,0.4,0.0,fp
sr_5863,5,2,0,0.4,0.4,0.0,fp
sr_32697,8,3,1,0.5,0.375,0.125,fp
sr_64701,8,3,0,0.375,0.375,0.0,fp
sr_12201,59,22,0,0.3728813559322034,0.3728813559322034,0.0,fp
sr_49131,11,4,0,0.36363636363636365,0.36363636363636365,0.0,fp
sr_3025,57,0,57,1.0,0.0,1.0,fn
sr_61178,50,0,50,1.0,0.0,1.0,fn
sr_12631,39,0,39,1.0,0.0,1.0,fn
sr_46991,38,0,38,1.0,0.0,1.0,fn
sr_10264,23,0,23,1.0,0.0,1.0,fn
sr_40976,20,0,20,1.0,0.0,1.0,fn
sr_27634,19,0,19,1.0,0.0,1.0,fn
sr_30461,17,0,17,1.0,0.0,1.0,fn
sr_3685,14,0,14,1.0,0.0,1.0,fn
sr_62579,14,0,14,1.0,0.0,1.0,fn
sr_11887,13,0,13,1.0,0.0,1.0,fn
sr_40991,13,0,13,1.0,0.0,1.0,fn
sr_31505,12,0,12,1.0,0.0,1.0,fn
sr_39019,12,0,12,1.0,0.0,1.0,fn
sr_1182,10,0,10,1.0,0.0,1.0,fn
sr_1879,10,0,10,1.0,0.0,1.0,fn
sr_21317,10,0,10,1.0,0.0,1.0,fn
sr_44558,10,0,10,1.0,0.0,1.0,fn
sr_45603,10,0,10,1.0,0.0,1.0,fn
sr_50199,10,0,10,1.0,0.0,1.0,fn
