source_subreddit_norm,n,fp,fn,error_rate,fp_rate,fn_rate,kind
sr_12426,5,5,0,1.0,1.0,0.0,fp
sr_51748,7,6,0,0.8571428571428571,0.8571428571428571,0.0,fp
sr_45370,12,8,0,0.6666666666666666,0.6666666666666666,0.0,fp
sr_19099,5,3,0,0.6,0.6,0.0,fp
sr_24097,5,3,0,0.6,0.6,0.0,fp
sr_40921,7,4,0,0.5714285714285714,0.5714285714285714,0.0,fp
sr_50843,26,14,0,0.5384615384615384,0.5384615384615384,0.0,fp
sr_42873,19,10,0,0.5263157894736842,0.5263157894736842,0.0,fp
sr_4134,12,6,0,0.5,0.5,0.0,fp
sr_18992,6,3,0,0.5,0.5,0.0,fp
sr_20427,6,3,0,0.5,0.5,0.0,fp
sr_43534,6,3,0,0.5,0.5,0.0,fp
sr_55624,184,83,2,0.46195652173913043,0.45108695652173914,0.010869565217391304,fp
sr_41488,18,8,0,0.4444444444444444,0.4444444444444444,0.0,fp
sr_42999,18,8,0,0.4444444444444444,0.4444444444444444,0.0,fp
sr_22436,9,4,0,0.4444444444444444,0.4444444444444444,0.0,fp
sr_64414,71,31,3,0.4788732394366197,0.43661971830985913,0.04225352112676056,fp
sr_62577,21,9,0,0.42857142857142855,0.42857142857142855,0.0,fp
sr_27648,7,3,0,0.42857142857142855,0.42857142857142855,0.0,fp
sr_32481,7,3,0,0.42857142857142855,0.42857142857142855,0.0,fp
sr_16773,6,0,6,1.0,0.0,1.0,fn
sr_48339,6,0,6,1.0,0.0,1.0,fn
sr_6421,5,0,5,1.0,0.0,1.0,fn
sr_61012,5,0,4,0.8,0.0,0.8,fn
sr_34186,11,0,7,0.6363636363636364,0.0,0.6363636363636364,fn
sr_30310,12,0,7,0.5833333333333334,0.0,0.5833333333333334,fn
sr_38247,7,0,4,0.5714285714285714,0.0,0.5714285714285714,fn
sr_64706,8,2,4,0.75,0.25,0.5,fn
sr_34662,6,1,3,0.6666666666666666,0.16666666666666666,0.5,fn
sr_5032,17,0,8,0.47058823529411764,0.0,0.47058823529411764,fn
sr_25733,23,0,10,0.43478260869565216,0.0,0.43478260869565216,fn
sr_58917,10,1,4,0.5,0.1,0.4,fn
sr_11258,5,0,2,0.4,0.0,0.4,fn
sr_27501,5,0,2,0.4,0.0,0.4,fn
sr_61603,5,0,2,0.4,0.0,0.4,fn
sr_9253,5,0,2,0.4,0.0,0.4,fn
sr_22164,77,0,30,0.38961038961038963,0.0,0.38961038961038963,fn
sr_33060,8,0,3,0.375,0.0,0.375,fn
sr_51776,8,2,3,0.625,0.25,0.375,fn
sr_62218,8,0,3,0.375,0.0,0.375,fn
