source_subreddit_norm,n,fp,fn,error_rate,fp_rate,fn_rate,kind
sr_51748,7,6,0,0.8571428571428571,0.8571428571428571,0.0,fp
sr_30541,5,3,0,0.6,0.6,0.0,fp
sr_4134,12,7,2,0.75,0.5833333333333334,0.16666666666666666,fp
sr_42999,18,10,1,0.6111111111111112,0.5555555555555556,0.05555555555555555,fp
sr_12525,17,9,0,0.5294117647058824,0.5294117647058824,0.0,fp
sr_18754,6,3,0,0.5,0.5,0.0,fp
sr_64416,6,3,0,0.5,0.5,0.0,fp
sr_6908,6,3,0,0.5,0.5,0.0,fp
sr_55357,19,9,2,0.5789473684210527,0.47368421052631576,0.10526315789473684,fp
sr_21659,17,8,0,0.47058823529411764,0.47058823529411764,0.0,fp
sr_22436,9,4,0,0.4444444444444444,0.4444444444444444,0.0,fp
sr_62577,21,9,5,0.6666666666666666,0.42857142857142855,0.23809523809523808,fp
sr_34127,14,6,2,0.5714285714285714,0.42857142857142855,0.14285714285714285,fp
sr_22171,7,3,1,0.5714285714285714,0.42857142857142855,0.14285714285714285,fp
sr_49999,7,3,2,0.7142857142857143,0.42857142857142855,0.2857142857142857,fp
sr_51723,7,3,1,0.5714285714285714,0.42857142857142855,0.14285714285714285,fp
sr_56685,7,3,1,0.5714285714285714,0.42857142857142855,0.14285714285714285,fp
sr_51708,37,15,0,0.40540540540540543,0.40540540540540543,0.0,fp
sr_12426,5,2,0,0.4,0.4,0.0,fp
sr_14581,5,2,3,1.0,0.4,0.6,fp
sr_35076,74,0,74,1.0,0.0,1.0,fn
sr_54673,59,0,59,1.0,0.0,1.0,fn
sr_60805,54,0,54,1.0,0.0,1.0,fn
sr_48988,50,0,50,1.0,0.0,1.0,fn
sr_61178,50,0,50,1.0,0.0,1.0,fn
sr_10928,44,0,44,1.0,0.0,1.0,fn
sr_36277,44,0,44,1.0,0.0,1.0,fn
sr_46991,38,0,38,1.0,0.0,1.0,fn
sr_24370,30,0,30,1.0,0.0,1.0,fn
sr_34768,30,0,30,1.0,0.0,1.0,fn
sr_1078,28,0,28,1.0,0.0,1.0,fn
sr_22688,28,0,28,1.0,0.0,1.0,fn
sr_65058,28,0,28,1.0,0.0,1.0,fn
sr_26637,27,0,27,1.0,0.0,1.0,fn
sr_1064,26,0,26,1.0,0.0,1.0,fn
sr_24800,26,0,26,1.0,0.0,1.0,fn
sr_59139,24,0,24,1.0,0.0,1.0,fn
sr_10264,23,0,23,1.0,0.0,1.0,fn
sr_11485,23,0,23,1.0,0.0,1.0,fn
sr_62149,23,0,23,1.0,0.0,1.0,fn
