source_subreddit_norm,n,fp,fn,error_rate,fp_rate,fn_rate,kind
sr_40921,7,6,0,0.8571428571428571,0.8571428571428571,0.0,fp
sr_51748,7,6,0,0.8571428571428571,0.8571428571428571,0.0,fp
sr_11503,7,5,0,0.7142857142857143,0.7142857142857143,0.0,fp
sr_50843,26,17,0,0.6538461538461539,0.6538461538461539,0.0,fp
sr_12426,5,3,0,0.6,0.6,0.0,fp
sr_19099,5,3,0,0.6,0.6,0.0,fp
sr_24097,5,3,0,0.6,0.6,0.0,fp
sr_28175,5,3,0,0.6,0.6,0.0,fp
sr_29282,5,3,0,0.6,0.6,0.0,fp
sr_30541,5,3,0,0.6,0.6,0.0,fp
sr_4134,12,7,0,0.5833333333333334,0.5833333333333334,0.0,fp
sr_7923,20,11,0,0.55,0.55,0.0,fp
sr_12525,17,9,0,0.5294117647058824,0.5294117647058824,0.0,fp
sr_42873,19,10,0,0.5263157894736842,0.5263157894736842,0.0,fp
sr_18754,6,3,0,0.5,0.5,0.0,fp
sr_18992,6,3,0,0.5,0.5,0.0,fp
sr_20427,6,3,0,0.5,0.5,0.0,fp
sr_43534,6,3,0,0.5,0.5,0.0,fp
sr_6908,6,3,0,0.5,0.5,0.0,fp
sr_21659,17,8,0,0.47058823529411764,0.47058823529411764,0.0,fp
sr_20622,54,0,54,1.0,0.0,1.0,fn
sr_60805,54,0,54,1.0,0.0,1.0,fn
sr_9014,34,0,34,1.0,0.0,1.0,fn
sr_64997,32,0,32,1.0,0.0,1.0,fn
sr_1064,26,0,26,1.0,0.0,1.0,fn
sr_18826,24,0,24,1.0,0.0,1.0,fn
sr_8100,22,0,22,1.0,0.0,1.0,fn
sr_40215,20,0,20,1.0,0.0,1.0,fn
sr_54543,18,0,18,1.0,0.0,1.0,fn
sr_14734,17,0,17,1.0,0.0,1.0,fn
sr_28648,16,0,16,1.0,0.0,1.0,fn
sr_46174,15,0,15,1.0,0.0,1.0,fn
sr_52866,15,0,15,1.0,0.0,1.0,fn
sr_62058,14,0,14,1.0,0.0,1.0,fn
sr_7639,14,0,14,1.0,0.0,1.0,fn
sr_919,14,0,14,1.0,0.0,1.0,fn
sr_27117,13,0,13,1.0,0.0,1.0,fn
sr_18037,12,0,12,1.0,0.0,1.0,fn
sr_35636,12,0,12,1.0,0.0,1.0,fn
sr_43344,12,0,12,1.0,0.0,1.0,fn
