epoch,fit_seconds,train_pr_auc,val_pr_auc,test_pr_auc
1,274.756457685,0.16505339056147755,0.1480877238536855,0.14159905748979557
