{
  "run_name": "gat-lr1e-4-seed2",
  "model_type": "gat",
  "num_params": 193089,
  "best_epoch": 112,
  "best_val_pr_auc": 0.14700503635007958,
  "metrics_per_split": {
    "train": {
      "pr_auc": 0.1479719712172873,
      "pr_auc_positive": 0.9331688145953462,
      "pr_auc_lift": 1.549341245486091,
      "class_prior_negative": 0.09550637837106216,
      "roc_auc": 0.6289638072795929,
      "accuracy": 0.3872872466416269,
      "f1_macro": 0.3510280858324989,
      "f1_negative_class": 0.19762933421956352,
      "f1_positive_class": 0.5044268374454343,
      "balanced_accuracy": 0.5674178534557173,
      "mcc": 0.08416017604681746,
      "precision_negative": 0.11293998480628008,
      "recall_negative": 0.7900797165633304,
      "precision_positive": 0.9395901305057096,
      "recall_positive": 0.3447559903481042,
      "precision_at_50": 0.16,
      "precision_at_100": 0.14,
      "precision_at_500": 0.144,
      "confusion_matrix": [
        [
          8920,
          2370
        ],
        [
          70060,
          36862
        ]
      ],
      "threshold": 0.5,
      "n_positive": 106922.0,
      "n_negative": 11290.0
    },
    "val": {
      "pr_auc": 0.14700501219676365,
      "pr_auc_positive": 0.925233618164504,
      "pr_auc_lift": 1.490359947554094,
      "class_prior_negative": 0.0986372536634664,
      "roc_auc": 0.6141419090103157,
      "accuracy": 0.45814647549267307,
      "f1_macro": 0.39693007505679173,
      "f1_negative_class": 0.20479009999652387,
      "f1_positive_class": 0.5890700501170596,
      "balanced_accuracy": 0.5691156358107741,
      "mcc": 0.0835869919813989,
      "precision_negative": 0.11972632434629454,
      "recall_negative": 0.707356119426879,
      "precision_positive": 0.9308178480868939,
      "recall_positive": 0.43087515219466904,
      "precision_at_50": 0.06,
      "precision_at_100": 0.13,
      "precision_at_500": 0.164,
      "confusion_matrix": [
        [
          8837,
          3656
        ],
        [
          64973,
          49190
        ]
      ],
      "threshold": 0.5,
      "n_positive": 114163.0,
      "n_negative": 12493.0
    },
    "test": {
      "pr_auc": 0.152621463265926,
      "pr_auc_positive": 0.9367715050513178,
      "pr_auc_lift": 1.620481959454745,
      "class_prior_negative": 0.09418275987304395,
      "roc_auc": 0.6430851975347598,
      "accuracy": 0.45150720838794234,
      "f1_macro": 0.39349154352097215,
      "f1_negative_class": 0.20590958450020003,
      "f1_positive_class": 0.5810735025417443,
      "balanced_accuracy": 0.5874984253368616,
      "mcc": 0.10418745476185128,
      "precision_negative": 0.11920959288474774,
      "recall_negative": 0.7550507167407159,
      "precision_positive": 0.9428202418692028,
      "recall_positive": 0.41994613393300734,
      "precision_at_50": 0.18,
      "precision_at_100": 0.2,
      "precision_at_500": 0.188,
      "confusion_matrix": [
        [
          9007,
          2922
        ],
        [
          66549,
          48180
        ]
      ],
      "threshold": 0.5,
      "n_positive": 114729.0,
      "n_negative": 11929.0
    }
  }
}